mfcc_1,mfcc_2,mfcc_3,mfcc_4,mfcc_5,mfcc_6,mfcc_7,mfcc_8,mfcc_9,mfcc_10,mfcc_11,mfcc_12,mfcc_13,emotion,filename
-299.9845,87.31902,-61.83323,-17.852484,-19.937574,-20.551935,-33.7954,-11.341667,-19.700586,-19.773966,-16.76929,-14.728676,-11.027959,anger,a19 (2).wav
-328.03912,91.234276,-17.556215,14.4514675,-4.864509,-8.769917,-27.78087,-16.22111,-14.777812,-20.292595,-13.681153,-13.03211,-20.015177,happiness,h16 (1).wav
-280.33783,107.64282,-8.899505,21.771627,-1.7222048,6.5657883,-25.252258,0.15219915,-18.3404,-26.169554,-3.3753872,-8.557215,-8.04266,sadness,s15 (1).wav
-311.2936,103.1629,-41.68706,10.878167,-7.341278,-8.662815,-15.944193,7.8255076,-5.3742256,-20.204493,-6.6726904,-2.04174,-7.759924,anger,a13 (5).wav
-256.6758,76.8743,-26.352484,40.261818,-16.78961,10.500903,-10.3138685,-4.6858664,-8.797047,-6.2921658,-21.765003,-14.74524,-17.972761,disgust,d10 (4).wav
-303.51538,79.17261,-42.250645,-4.1749806,-27.255411,-5.3476486,-32.732704,-13.747608,-15.874526,-26.036612,-19.744917,-11.824361,-20.771725,fear,f08 (1).wav
-322.08224,80.144844,-47.250607,22.267696,-7.092192,-5.9784317,-17.517878,0.59637207,-9.510481,-14.102441,-5.537586,-3.709166,-6.793246,anger,a02 (5).wav
-339.85074,104.88507,-40.466896,1.2530853,-30.817394,-2.630114,-17.268927,-23.77261,-15.699822,-16.917667,-22.102667,-16.047363,-8.734605,happiness,h19 (4).wav
-408.12802,68.331955,3.4005811,7.27917,-0.67034084,6.4915705,-16.182055,4.7171183,4.8226504,-6.4546814,-5.2429895,4.8692245,-2.7689173,anger,a13 (6).wav
-430.78235,72.99959,6.7194095,20.119535,3.8266807,13.284221,-8.141115,5.3170857,3.4689324,-3.189011,-4.345725,3.8078718,-2.8690822,fear,f18 (6).wav
-268.10495,72.55449,-46.60419,20.92466,-26.619127,-1.3743987,-42.54506,-9.441924,-14.569511,-20.765491,-11.031437,-11.819431,-23.10955,anger,a10 (1).wav
-275.3792,95.62875,-44.344177,13.27522,-25.549532,6.5161324,-22.587118,-14.776665,-15.652825,-10.118918,-15.792743,-7.074022,-20.491987,anger,a20 (4).wav
-320.0059,97.84607,-35.855183,-2.0105305,-12.131058,-4.2657084,-33.52253,-5.29815,-6.199701,-23.480589,-13.836112,-9.907604,-21.838057,anger,a19 (1).wav
-273.54913,125.792534,2.8826628,13.512303,-6.2782583,3.8857632,-17.865282,5.812376,-14.849625,-20.140953,-5.409432,-7.6112294,-6.524338,sadness,s19 (1).wav
-278.113,77.34647,-22.610212,31.447279,-28.136206,9.51715,-13.384547,-10.584576,-16.48413,-8.627404,-20.437681,-17.555103,-9.697248,happiness,h02 (3).wav
-332.03043,102.17119,-17.386414,18.43622,-12.751927,5.8344035,-10.304388,-14.347435,-7.9621224,-12.260467,-18.805738,-12.976524,-15.293959,disgust,d19 (4).wav
-336.56628,111.930695,-16.753363,-10.8649025,-19.979273,-6.037148,-33.202976,0.25918415,-9.807473,-30.16366,-17.02676,-5.836651,-22.954172,anger,a06 (1).wav
-332.651,87.53282,-43.612576,6.016862,-2.1048656,-0.5922761,-17.328379,-14.891169,-14.545355,1.477523,-3.734317,6.856802,0.17588854,disgust,d15 (5).wav
-352.3869,88.89004,-29.007513,22.962454,-9.07882,4.7387624,-23.673622,2.0234625,-14.822402,-19.123438,-13.222203,-16.958069,-18.149134,disgust,d11 (1).wav
-294.40594,77.17401,-64.39301,-7.1310525,-33.70707,-14.461929,-41.586006,-14.922225,-17.567575,-23.476488,-20.954945,-13.432178,-21.267952,anger,a15 (2).wav
-305.94824,110.138985,-13.923437,17.175982,-19.088024,11.481032,-12.318154,-12.44422,-4.2067943,-8.897902,-20.888304,-13.906188,-3.983785,anger,a01 (3).wav
-429.7282,58.545235,3.0752923,16.805578,8.659438,13.884621,-10.068048,3.467621,4.498171,0.66080546,-4.0345306,5.7267294,-1.5874429,happiness,h02 (6).wav
-244.81757,95.83589,-14.194265,33.917168,-6.2069807,13.323623,-28.411432,-1.7382634,-10.281132,-18.829578,-15.189362,-9.823248,-16.12126,sadness,s10 (1).wav
-321.5404,174.38962,19.783422,48.102783,13.003468,-1.4040842,27.605505,-11.238136,-6.6713257,13.901354,-17.93938,-13.392224,4.481676,sadness,s20 (3).wav
-293.60733,96.83434,-37.40965,5.2474475,-14.251541,-12.6386595,-40.80772,-5.2842216,-12.431446,-27.068583,-21.870476,-15.626508,-24.768118,happiness,h02 (2).wav
-308.1039,89.89319,-26.073639,19.2069,-12.009343,4.519752,-23.218613,-1.1476511,-11.391994,-14.703693,-11.356538,-5.685278,-10.597562,fear,f13 (5).wav
-422.1411,56.887577,-5.507104,1.9799154,-3.9873862,7.606816,-8.380758,4.3000855,-0.115354344,-3.4716125,-1.178422,4.3905163,-0.47456446,anger,a12 (6).wav
-267.2638,87.06934,-16.59395,10.055583,-27.19814,5.7800164,-26.844824,-11.757108,-21.763302,-23.060755,-24.859869,-11.261684,-17.151642,disgust,d03 (2).wav
-271.38986,115.35712,-7.569245,46.535072,-12.2574005,15.102974,-10.80113,-0.23776482,12.496638,-4.50727,-10.212837,-1.2752596,-6.2891655,sadness,s13 (4).wav
-299.73544,98.52229,-24.044796,19.60959,-24.473694,7.5054755,-16.205452,-13.190905,-12.149492,-10.180198,-15.967188,-13.739694,-13.25884,happiness,h14 (4).wav
-334.67804,106.337814,28.167398,72.25978,2.0725257,-0.2762882,-36.092888,10.822447,-0.4606826,-10.456411,-10.958614,-27.447819,-13.194061,sadness,s20 (2).wav
-274.2835,106.6437,-49.108665,41.89187,-28.147047,6.861656,-6.3537793,-17.725922,-2.316381,-14.538607,-15.955718,-15.248437,-12.269699,disgust,d07 (4).wav
-267.93793,110.12074,-35.235462,17.609621,-24.09017,6.448734,-20.55159,-9.923766,-16.551931,-9.059765,-19.935694,-4.46521,-18.762732,anger,a14 (4).wav
-255.93881,81.544395,-18.504976,38.373096,-17.7667,18.168423,-11.3066,-4.4983983,-3.5818665,-9.512666,-13.903448,-9.263962,-11.539235,fear,f03 (4).wav
-365.7396,130.92957,-2.4326465,11.55447,-0.9678114,4.96925,-2.6405265,-6.9536104,-8.429911,-11.724564,-9.987616,-12.395605,-2.9792957,disgust,d12 (3).wav
-417.83728,77.864265,0.35213432,8.7708235,8.953236,12.188288,-15.253022,-0.21703374,2.5290394,-7.6704426,-5.7544875,4.2608914,-1.4998437,happiness,h16 (6).wav
-320.29245,79.081474,-29.737614,31.764648,-2.7983203,6.1378565,-20.056307,-12.212466,-7.494879,-0.673097,-6.3530374,-1.6856679,2.1088214,disgust,d02 (5).wav
-321.66986,108.909096,-3.6022298,7.9949455,-8.488962,0.65963423,-22.215603,0.074100256,-9.639324,-22.296337,-9.939301,-10.749117,-16.184738,sadness,s06 (5).wav
-459.0898,79.87609,-0.4229699,9.70764,7.7862926,12.964153,-14.570417,-0.6625078,4.8835397,-6.539124,-4.271035,7.452712,-1.7918558,happiness,h14 (6).wav
-313.35434,114.92181,6.140792,29.823753,-28.55349,12.202342,-18.740973,-7.082178,8.745094,-12.657196,-17.23727,-17.003197,-8.209902,fear,f06 (4).wav
-312.99942,99.87914,-27.838556,17.035442,-4.9669766,-7.230584,-22.47825,-9.013857,-13.406133,-23.123865,-22.018526,-12.875608,-17.44626,sadness,s12 (5).wav
-444.41537,68.02343,8.590949,9.722201,7.3575716,14.386944,-8.881648,3.0098855,5.328857,-2.2412863,-5.0650463,5.9011526,-0.6251498,anger,a05 (6).wav
-290.59576,114.749344,-3.1338787,26.908064,-5.0994854,15.022747,-29.407724,-2.651162,-5.988574,-17.952082,-14.005556,-12.736645,-15.036103,sadness,s05 (1).wav
-352.39832,85.44267,-15.404728,7.8949966,-18.861647,-15.660589,-24.541416,-10.9501915,-19.76335,-26.605124,-8.3042755,-9.878209,-15.372681,sadness,s16 (1).wav
-336.89523,97.899185,-23.317438,10.141161,-12.485353,-3.1468499,-42.06707,-7.689298,-12.706456,-30.153866,-26.852722,-10.971832,-18.8021,anger,a05 (1).wav
-246.84766,86.249596,-10.7030735,29.422298,8.281804,17.646374,-11.727665,-1.0183642,-11.935094,-3.9899242,-8.082558,4.829582,-2.2251842,disgust,d10 (5).wav
-319.36722,111.37956,-10.804464,14.53921,-32.594585,9.601694,-16.140755,-16.177883,-8.640998,-14.969633,-27.22905,-15.992516,-5.0185447,happiness,h06 (3).wav
-295.60162,79.51844,-48.44831,-7.081119,-37.851334,-15.979347,-35.973553,-9.978024,-15.264373,-25.984842,-22.288988,-8.891432,-17.83342,anger,a18 (2).wav
-280.62674,74.03787,-5.364359,49.711136,-7.8161483,15.296341,-8.587793,4.422372,0.31015605,-1.4720982,-14.385756,-1.5450186,-7.638659,anger,a11 (3).wav
-395.0287,66.39418,-11.13468,18.986286,2.6270602,5.4846873,-7.0380974,-0.0243686,-1.6359407,-6.8977485,-6.171639,-0.30059725,-4.198498,fear,f20 (5).wav
-319.23672,98.61633,9.766631,26.52231,-23.838083,7.593937,-10.579161,-9.312454,-13.922324,-9.550194,-14.356257,-14.985864,-13.220507,fear,f01 (3).wav
-329.00812,81.0946,7.8815913,14.216803,-1.3741208,10.664939,-12.178929,3.717861,1.8578438,-5.111371,-6.753871,5.629408,-5.6085577,fear,f01 (6).wav
-320.6271,92.62447,-34.800495,17.68459,-5.8819304,-9.244525,-19.133238,6.0427833,-7.3113065,-18.884909,-11.542898,-5.1272388,-10.379257,anger,a17 (5).wav
-354.5233,152.03816,13.723495,33.119137,-5.519617,1.8951253,-2.16438,8.324147,0.6865348,-10.454599,-6.4852796,-9.65327,-4.0270905,sadness,s13 (3).wav
-333.49728,126.53286,11.915445,30.129545,-3.3824534,27.042467,0.1443702,-6.6012383,7.732221,-3.1630492,-3.7096982,-6.140999,-8.838759,sadness,s19 (4).wav
-429.36993,55.243893,0.5016815,12.17022,12.767459,16.93624,-9.13304,3.569465,3.644844,0.2177276,-1.8145459,4.407711,-0.40808794,happiness,h10 (6).wav
-307.60284,104.31884,-19.6305,13.354792,-2.8934479,5.0901437,-26.828375,-12.119928,-16.119001,-28.46889,-19.741026,-15.150509,-18.09177,disgust,d15 (2).wav
-383.3346,71.42148,-10.933265,7.351839,2.3530202,6.0496373,-17.287598,1.5942628,-0.66396844,-11.627511,-10.7651005,4.6010356,-5.7934327,disgust,d07 (6).wav
-306.1769,74.58172,-19.501747,34.850285,-11.794357,2.0850327,-15.190927,-6.7109485,-8.743817,-8.937112,-21.027515,-13.884891,-16.240246,disgust,d03 (4).wav
-428.98532,62.847427,-7.5199065,6.6405954,5.8439198,8.223096,-13.313976,0.24778329,0.075766355,-5.3888535,-9.723929,2.8543298,-3.0732121,disgust,d12 (6).wav
-280.15927,96.891,-28.380743,14.670069,-28.837166,-9.021147,-23.069363,-8.791316,-8.625671,-2.9023478,-21.659918,-5.917004,-16.407423,anger,a13 (4).wav
-315.88626,109.49743,-25.484394,12.450234,13.937467,1.9308741,-20.827593,3.8465607,-10.360435,-7.5510187,-12.053488,-1.4987228,-4.468135,disgust,d09 (5).wav
-367.46115,100.15317,-18.99865,19.99682,-4.07723,-3.580183,-26.427065,-5.3373265,-5.2960567,-22.48419,-19.091896,-9.809348,-16.408401,sadness,s20 (5).wav
-283.68118,88.46289,-17.043652,31.89715,3.5687952,5.7473664,-18.362026,0.58796424,-12.780224,-16.957745,-16.084572,-11.993597,-12.590931,sadness,s10 (2).wav
-307.04752,81.54869,-26.575006,27.241676,-7.6578045,-1.074372,-25.356321,-4.1688876,-14.080202,-18.186512,-15.441677,-10.207689,-18.402071,sadness,s02 (5).wav
-283.4156,88.888824,-34.553867,18.063046,-31.379568,8.309066,-22.10897,-8.027993,-17.513262,-5.839076,-20.45388,-8.844854,-14.217369,anger,a12 (4).wav
-350.90784,131.4832,24.99785,53.99438,11.946642,14.431094,6.211929,-4.8318486,1.4480056,-2.8365338,-8.682272,-0.6894696,-4.986558,sadness,s14 (3).wav
-336.15872,84.15382,-12.551212,24.054039,3.1828442,1.3928427,-15.758836,-1.9425752,-4.485384,-11.164638,-13.038225,-4.4121227,-9.825227,happiness,h17 (5).wav
-258.55545,98.40987,-29.733469,34.51232,-24.815708,7.360292,-18.725878,-13.582262,-9.3947,-8.999548,-17.826273,-10.737788,-9.749284,anger,a14 (3).wav
-448.26242,54.67059,-2.288317,8.144454,5.95535,10.476619,-8.47595,3.7731638,4.3125896,-1.6474378,-0.45123532,7.576574,-0.48679173,happiness,h07 (6).wav
-382.49472,60.78137,-9.464799,46.240314,5.287859,25.068674,0.1169244,1.7757589,-10.057392,-13.325669,-10.038685,-6.564268,-8.706517,fear,f11 (3).wav
-301.06317,85.0203,-42.286934,13.171522,-11.330982,-6.015884,-34.76781,-9.790276,-11.234474,-28.107248,-19.681381,-6.418672,-23.24038,anger,a02 (1).wav
-298.23004,73.724884,-33.686226,25.416956,7.082963,1.7761511,-19.647438,1.8821589,-8.6051,-13.6607685,-9.588757,-4.1326613,-9.564561,happiness,h11 (5).wav
-331.76178,77.23654,-19.817907,17.7532,-11.351266,-7.6669664,-32.9555,-14.529814,-15.518912,-23.877108,-21.406458,-6.469789,-18.142063,happiness,h02 (1).wav
-314.40414,86.99846,-38.812813,21.099054,-7.480763,2.404496,-15.882038,-0.9904558,-6.4510665,-10.456096,-9.330831,0.29774523,-10.154202,happiness,h12 (5).wav
-300.15213,124.1224,15.096229,32.214268,-3.3895447,20.373741,6.085298,-3.6409867,-2.8719084,-7.5361094,-17.55515,-7.548344,-10.552294,sadness,s10 (3).wav
-432.97903,81.68021,14.857949,21.431562,15.870771,16.443901,-6.0934944,9.358341,4.2109036,-3.7728653,1.1534302,2.6747732,0.0091451565,sadness,s16 (6).wav
-280.08508,97.70549,-20.726133,23.97304,0.9635049,-0.84381217,-38.881706,-15.963421,-14.887767,-34.239113,-17.044844,-11.649856,-21.310781,disgust,d20 (2).wav
-287.31482,127.6691,1.8123122,35.036877,-15.609501,21.823254,-4.077202,-5.6434627,-2.4182243,-4.244113,-12.220277,-9.366868,-6.539102,sadness,s15 (3).wav
-414.54358,74.26627,-1.0425869,14.69176,3.5434217,11.53609,-11.711222,0.10825771,2.9937003,-5.283866,-7.2752943,3.0447657,-2.8455694,fear,f15 (6).wav
-283.63318,69.53858,-19.790056,26.718151,-19.793743,6.590229,-15.812326,-14.038541,-15.820203,-17.058601,-25.392666,-19.648264,-13.861984,fear,f08 (3).wav
-388.94705,61.703808,4.5890594,13.47409,5.9830027,15.074245,-13.735623,2.7660434,1.6827681,-3.2100787,-4.9908566,0.87491894,-4.818917,happiness,h17 (6).wav
-339.6643,101.48879,-25.652828,5.079512,1.029924,-5.8958826,-17.842182,-0.7874471,-11.671786,-15.340034,-7.7043233,3.3621175,0.07429164,happiness,h13 (5).wav
-302.5202,103.226906,-32.979904,1.0557581,-17.944002,0.13917515,-40.732735,-10.76993,-19.436275,-39.30084,-22.971169,-3.1170542,-20.460796,happiness,h01 (1).wav
-321.67657,97.310356,-39.015156,3.3400834,-26.572008,-13.999269,-31.016169,2.8171196,-3.4795523,-27.53359,-12.601824,-8.17956,-19.727694,anger,a13 (1).wav
-302.01566,105.90682,-33.862053,24.233631,-18.813847,5.056929,-11.057164,-8.343433,-6.765688,-9.9780655,-11.705946,-10.706491,-1.6555923,anger,a07 (3).wav
-320.8713,105.42836,-16.437555,0.6528819,-22.715555,1.8235501,-18.58675,-19.591269,-15.14644,-25.346352,-20.372425,-7.459541,-9.096742,disgust,d06 (2).wav
-331.17874,91.52861,-15.275481,21.340282,-0.98106045,3.1736069,-16.866558,-9.789214,-6.7083325,0.6072212,-5.0749674,8.859688,-2.3548265,disgust,d16 (5).wav
-431.51105,86.2783,20.48319,27.042942,15.284966,20.482197,-1.0208454,10.949785,9.737491,0.06047961,0.5703303,3.7663093,-0.1330637,sadness,s18 (6).wav
-339.41418,104.09702,-12.542333,10.209827,-4.8673496,3.9972057,-12.407556,-22.530836,-14.113672,-13.158898,-17.834215,-14.97271,-9.512082,disgust,d15 (3).wav
-361.03815,87.16807,-27.222471,7.227516,3.697617,5.390757,-16.309748,-8.725862,-9.314121,3.785217,-5.94439,3.2097743,-2.7920763,disgust,d19 (5).wav
-491.51782,61.16103,9.598834,23.46645,15.282673,19.198145,1.0306194,11.351565,8.563792,0.96113,1.4712638,6.495395,2.923153,sadness,s11 (6).wav
-430.85608,51.777912,-0.67747766,9.365821,2.3484752,12.193969,-9.413384,4.0783963,3.6201732,-2.797765,-3.9758105,2.4419785,-1.5151467,anger,a10 (6).wav
-279.59116,92.6265,-19.423132,30.099611,7.669594,14.5853195,-19.037163,2.8271732,-6.9743943,-8.887783,-7.3630285,2.864186,-5.4382715,fear,f10 (5).wav
-373.30902,68.43652,4.5505695,21.28634,2.4162476,13.214777,-9.790688,7.3902397,1.7054448,-4.4756837,-0.8253144,7.3087378,-2.5973532,fear,f03 (6).wav
-285.68808,60.733246,-39.81542,26.638237,-30.351273,2.9819179,-24.46591,-22.904112,-20.076513,-19.141912,-13.699593,-19.750517,-14.001136,fear,f07 (3).wav
-353.9835,116.60895,-4.7238283,11.5865555,-0.6053058,-1.3131112,-17.528389,-23.62615,-16.961525,-18.055737,-28.318766,-17.240404,-5.769726,disgust,d18 (3).wav
-407.30014,61.380043,-7.5611167,11.9503,4.61032,11.433699,-17.094873,0.40666866,1.8078015,-3.8853643,-6.3311806,3.6880832,-2.27691,anger,a02 (6).wav
-324.68726,93.87173,-36.10335,12.457271,10.996663,1.8621836,-26.398712,-4.998051,-4.0458374,-11.90116,-10.18771,-3.9966056,-5.7628717,happiness,h09 (5).wav
-329.4164,102.32943,-46.944,13.312085,-0.30085906,-3.5120468,-17.417732,4.2196016,-8.353911,-14.7134075,-5.4028487,-3.621499,-5.406876,anger,a14 (5).wav
-388.58072,60.41986,-5.5972347,5.1132336,-0.35073146,9.853951,-16.1895,1.39262,2.7988079,-5.78216,-7.540212,3.4412148,-3.7898579,anger,a15 (6).wav
-322.88757,82.82705,-16.081799,19.15005,-2.3108222,6.8290696,-22.497658,-2.3768206,-16.69885,-22.337307,-13.936858,-12.876674,-11.387104,disgust,d15 (1).wav
-264.83453,92.08917,-23.568758,55.79223,1.3939096,39.485287,-5.4694643,2.5162196,0.61113924,-0.5088529,-7.553501,-4.4929576,-7.354657,sadness,s10 (4).wav
-301.29837,99.52821,-12.95264,20.943615,-6.294793,0.5762453,-19.80549,0.87575716,-9.366952,-7.5914946,-7.8218746,-1.2366552,-4.2189765,fear,f16 (5).wav
-312.6573,90.132095,-42.35651,9.681581,-19.109385,-6.7416034,-31.08169,-9.382542,-10.394206,-28.432606,-11.658525,-12.318969,-20.414604,anger,a14 (1).wav
-320.54745,100.16979,2.634687,44.89049,-11.066114,19.989275,-7.3040605,2.1031294,-7.951194,-6.9600825,-11.52045,-15.172584,-14.3964815,fear,f17 (3).wav
-352.71045,86.38525,-5.413254,12.488091,9.7273445,11.062234,-17.683899,3.992275,-0.5587773,-8.04979,-9.791413,0.8690986,-4.84796,disgust,d03 (6).wav
-248.4105,80.09534,-32.15044,32.436913,-28.590017,19.865389,-17.811714,-10.143784,-4.760747,-11.446379,-16.967468,-14.488446,-10.317572,fear,f07 (4).wav
-321.0432,126.55589,5.907281,29.710142,-8.732379,21.013609,-10.064326,-7.0558605,1.5864933,-9.167192,-16.349419,-16.428247,-12.460971,fear,f05 (3).wav
-338.63675,96.71653,-12.474541,21.955189,-9.628719,-10.9561,-23.707201,6.4411807,-9.483448,-20.624266,-22.02183,-16.763466,-15.641151,sadness,s04 (2).wav
-297.83548,95.73629,-16.27523,38.113113,-21.530043,2.1079464,-13.886597,-5.736481,-4.096904,-11.672624,-23.025757,-11.133826,-9.470767,disgust,d13 (4).wav
-292.21408,87.36211,-43.018642,6.693828,-41.89814,1.8785392,-28.77087,-23.953875,-21.577917,-29.7603,-24.865496,-17.272753,-10.882451,fear,f19 (3).wav
-376.16763,86.65357,-13.067736,4.1074004,2.8624034,6.119361,-23.818405,-15.068088,-9.534813,-20.724802,-21.080313,-13.052958,-14.113843,happiness,h09 (1).wav
-369.11722,122.57809,22.741919,54.307266,-5.4638143,16.629934,-4.6102858,0.97374314,8.267357,-3.420678,-13.705729,-7.863791,-0.8681596,sadness,s18 (3).wav
-255.84868,74.782326,-20.242514,41.68754,-23.67459,6.3890967,-19.129906,-5.425879,-4.7863884,-4.643498,-20.981752,-14.027143,-13.888098,happiness,h10 (4).wav
-271.0443,80.39432,-33.89147,20.695757,-34.0492,9.38829,-23.595488,-16.262947,-11.640229,-3.2281597,-22.582304,-15.945872,-15.946787,happiness,h07 (4).wav
-302.5833,89.09371,-13.399957,29.254305,-18.528463,13.732577,-14.888538,-6.312525,-6.922874,-13.326606,-22.669008,-21.774467,-15.974802,fear,f17 (4).wav
-307.4966,118.02483,0.2790461,23.911137,2.8804996,11.855278,-15.971178,1.5810448,-8.193815,-15.780016,-15.440594,-15.93137,-6.160874,disgust,d05 (1).wav
-295.23444,126.57793,2.0339801,34.924324,-9.838219,32.346832,-10.264373,6.0541487,11.738474,-2.760062,-5.3595667,-2.809458,-5.6901183,sadness,s06 (4).wav
-272.32916,123.97004,-0.8427485,30.65013,-1.0928584,24.671707,-10.269752,-10.4002285,0.4872379,0.0065068747,-17.069492,-8.485009,-2.6055515,happiness,h14 (3).wav
-359.41272,96.41756,-27.515001,26.893183,1.0880978,-1.7798885,-16.357042,-1.3745185,-11.478925,-5.7942944,-3.1905487,-0.9464854,-2.1131938,disgust,d04 (5).wav
-304.04483,86.781334,-33.238186,27.99128,-27.673262,13.4948435,-23.96289,-10.553112,-11.273544,-8.823068,-19.306793,-7.489296,-13.844318,anger,a02 (4).wav
-333.96964,105.60652,-16.22309,31.28597,-5.8735757,21.283049,-6.7154546,-15.447104,-8.850364,-8.05917,-21.902582,-12.669758,2.6039798,happiness,h03 (3).wav
-283.96188,89.65483,-7.96708,28.910482,0.64667326,7.4674406,-35.0435,1.3677266,-13.136719,-16.12564,-3.192862,-9.805931,-15.32954,sadness,s08 (1).wav
-333.44547,88.98842,-38.14824,26.042683,1.1067964,1.1668447,-8.389432,-8.434149,-18.041706,-10.949132,-7.8946905,5.7895355,0.080232024,disgust,d11 (5).wav
-295.7651,80.88914,-33.057457,35.041832,-18.812187,2.423722,-7.3514533,-18.42376,-12.040607,-12.951736,-21.380651,-15.945956,-16.26644,disgust,d02 (4).wav
-309.77313,104.23499,-4.008255,22.320791,-13.799734,4.8227973,-26.585949,4.8545957,-15.013198,-13.42477,-6.8634033,-16.207798,-17.6667,sadness,s14 (2).wav
-248.90775,97.89863,-0.49927732,41.913445,-18.196037,21.447027,-12.878587,-6.0053763,-15.2658615,-12.291052,-17.169374,-6.0885315,-9.641439,fear,f10 (3).wav
-299.6841,108.85909,-4.7788005,29.77342,-11.853458,-7.4078283,-28.174377,3.7847924,-10.04744,-28.64338,-17.17862,-11.918623,-15.581411,sadness,s18 (5).wav
-347.25513,84.97909,-29.775621,12.929107,-5.689629,-0.2563811,-17.573534,-12.630106,-4.0127563,-8.673332,-9.852007,4.6582513,1.348587,happiness,h15 (5).wav
-414.7972,52.39126,-2.62739,8.535977,2.6604722,9.613585,-9.925123,2.1433556,1.9279586,-3.6898227,-3.8490658,3.4037623,-2.4063396,anger,a14 (6).wav
-356.30093,119.498436,-40.875053,-7.2326136,-8.593281,-12.258367,-31.119347,-1.009422,-15.69031,-36.78522,-9.297378,-5.4426036,-25.969677,happiness,h19 (1).wav
-397.63922,84.799286,-2.7680194,6.500864,14.954872,10.706548,-20.631977,-2.6670291,-0.1953022,-10.780983,-11.496268,-0.2665712,-7.5434604,disgust,d09 (6).wav
-402.48126,76.80369,9.100115,5.8976307,11.134169,11.17658,-14.2582445,2.8443108,4.226108,-6.536045,-11.824189,1.6964633,-3.5455222,disgust,d05 (6).wav
-338.6866,92.75186,-23.20335,11.895607,0.4035574,-1.5201526,-22.289698,-7.818769,-8.090983,-11.414271,-3.7380037,0.37534097,-3.549899,happiness,h16 (5).wav
-300.10403,96.68312,6.6081233,7.504838,-31.662407,-7.736998,-28.512032,2.2214801,-12.658315,-39.17197,-25.874384,-0.29130492,-13.4140005,disgust,d13 (1).wav
-298.93753,124.582695,-22.051962,23.848635,-24.513931,-8.559444,-21.232325,-11.763245,2.4866984,-12.409864,-23.130848,-12.434871,-6.9227114,anger,a13 (3).wav
-318.44955,84.082886,-43.206047,2.7655706,-28.93471,-15.348676,-38.203304,-14.293554,-13.885545,-19.910624,-18.765549,-13.928578,-19.608347,anger,a16 (2).wav
-238.94145,71.75607,-28.110115,31.660835,-16.943504,4.0168853,-35.335915,-5.045878,-20.679354,-17.573921,-16.593613,-17.654755,-22.590328,fear,f10 (01).wav
-295.97293,77.05035,-46.728092,-5.642793,-36.145256,-5.1009483,-27.457834,-19.593307,-11.265622,-19.819056,-15.112049,-8.760751,-15.983666,anger,a12 (2).wav
-296.96185,85.00041,-29.516243,32.60494,-26.462234,6.2533736,-20.164577,-9.440359,-8.170146,-10.607476,-20.006638,-9.175213,-14.210247,anger,a03 (4).wav
-356.61575,131.18518,17.641773,21.930225,2.506422,27.413094,-5.459808,-10.378426,-5.7529087,-8.76102,-13.164416,-16.544413,-6.8618326,disgust,d14 (3).wav
-330.0946,118.195366,-22.556322,2.7123413,0.33178896,1.6076988,-8.346694,-0.3590491,-9.835405,-6.9655185,-6.9851565,5.0566206,0.019200968,disgust,d06 (5).wav
-261.75708,91.29806,-42.085896,18.752768,-28.214758,2.2573428,-23.169825,-15.595437,-14.11501,-7.5716047,-21.816597,-6.9804244,-16.51441,anger,a15 (4).wav
-443.82355,75.90367,9.95015,23.382807,13.412675,16.116488,-5.825246,10.739206,7.2303514,-0.40484697,1.0145869,6.0331936,2.688579,sadness,s03 (6).wav
-296.89185,77.30833,-50.26727,20.469723,-34.221607,9.689398,-27.690538,-12.247959,-14.21426,-23.43123,-15.216597,-10.729158,-9.221371,anger,a20 (3).wav
-305.1477,82.8835,-49.50643,0.1479251,-19.478973,-12.035483,-35.18963,-18.47006,-14.058363,-25.130455,-26.250608,-8.094178,-20.736652,happiness,h07 (2).wav
-267.62222,85.42947,-38.657524,23.487305,-22.039112,11.16454,-21.309174,-17.29316,-15.667794,-14.082056,-15.202564,-17.412874,-14.092871,happiness,h08 (4).wav
-293.82584,113.444244,-28.982565,12.348976,-25.911572,1.9713782,-19.93995,-7.828976,-10.045029,-4.684811,-19.937788,-8.239122,-15.311302,anger,a06 (4).wav
-295.98865,105.36255,-16.353527,5.4801183,-17.24374,6.9420037,-33.473927,0.5788547,-10.5783825,-24.458992,-24.915009,-8.813286,-21.125818,anger,a01 (1).wav
-507.0588,76.38132,23.125002,22.019897,15.867227,17.89057,0.25506598,9.436746,7.4912047,-0.89025337,1.6962601,5.2321553,2.1256418,sadness,s19 (6).wav
-353.45703,136.48425,22.349712,34.427383,-3.3225446,25.445177,-2.9838548,-3.64975,8.419912,-4.5726824,-14.717541,-8.789045,-8.30001,sadness,s09 (3).wav
-283.53406,86.07691,-23.171095,20.529007,-22.04041,5.28669,-21.43489,-18.199654,-21.179932,-16.935406,-23.688774,-19.407652,-10.203717,fear,f18 (3).wav
-287.68256,80.029144,-26.924553,14.3022785,-33.062317,-3.5103557,-28.0372,-13.382411,-19.931856,-18.690279,-24.988712,-21.274763,-24.464457,fear,f16 (2).wav
-328.8139,96.17643,4.6364446,32.306602,-3.1513143,-2.1898983,-23.18237,0.20886667,-12.283017,-25.043087,-14.337945,-9.143324,-13.280049,sadness,s17 (1).wav
-271.6935,106.03324,-11.699743,26.223553,-20.311707,13.914337,-15.650495,-3.349094,-9.685838,-24.56515,-18.126299,-16.81495,-17.315344,fear,f01 (2).wav
-341.84793,81.56426,-29.327522,18.79903,-6.8272038,-12.950978,-10.438657,6.854991,-7.02757,-11.784868,-7.05668,-6.020268,-11.860483,anger,a04 (5).wav
-239.06717,110.908844,-21.366386,18.620375,11.340426,10.07832,-21.196873,-1.2360171,-2.1392772,-10.145069,-6.6873717,-1.1896828,-10.57007,happiness,h14 (5).wav
-281.8888,86.61747,-71.66293,-12.779108,-36.87869,-12.938876,-37.906532,-14.892734,-16.270226,-17.91947,-19.784927,-10.664228,-13.591593,anger,a20 (2).wav
-329.06982,90.28069,-46.555782,13.119591,-8.049052,-13.1760645,-17.854134,3.1558726,-6.4202514,-14.401636,-7.945627,-4.953603,-11.0972595,anger,a15 (5).wav
-314.57092,89.92109,-47.871544,-3.6337178,-11.6372385,-8.972035,-29.38765,-9.173536,-20.134491,-20.834785,-17.779884,-7.354581,-18.382019,happiness,h01 (5).wav
-313.19867,87.020485,-42.058548,25.119408,-21.823719,-0.63010776,-14.000986,-18.99967,-12.698951,-17.922974,-25.271334,-16.51723,-17.20485,disgust,d15 (4).wav
-324.4128,93.86938,-42.19639,5.973625,-20.518826,-9.263499,-39.395737,-9.802618,-5.9847283,-30.778194,-18.97133,-15.297998,-24.536594,anger,a04 (1).wav
-319.07428,86.5557,-22.809776,12.893632,-3.312446,0.19765319,-20.369766,-8.054517,-17.653412,-19.649721,-13.279685,-3.1420205,-12.077064,happiness,h03 (1).wav
-283.79315,85.64336,-45.399963,3.4566038,-18.673426,-7.228474,-29.828651,-9.244004,-21.9202,-27.922987,-19.05169,-16.85295,-22.066006,fear,f14 (2).wav
-317.39026,65.56063,-30.875742,38.008274,-11.923267,-6.101161,-22.635122,-17.566723,-9.971696,-14.922401,-24.65883,-16.504019,-17.537508,disgust,d04 (4).wav
-351.64023,66.92973,-2.9469209,14.6124,5.6678357,16.109509,-17.995695,0.13104457,3.180976,-7.5447397,-7.6888433,4.71432,-4.1622763,fear,f08 (6).wav
-309.25134,123.01889,3.9177501,25.146576,-16.582653,14.773464,-4.3247037,-1.2357564,0.48851675,-6.219419,-10.46945,-11.026735,-8.31896,fear,f06 (3).wav
-299.89447,124.76844,-30.528631,53.207264,-0.11335884,-3.0401824,-14.126338,0.95287454,-2.0839283,-29.865763,-6.5751266,-13.643202,-17.113798,sadness,s11 (1).wav
-352.83328,87.189575,-4.977742,21.954952,8.6780615,18.179033,-13.085876,1.7628231,1.1803299,-6.7022824,-7.3477416,2.8098102,-4.7050147,fear,f20 (6).wav
-269.90408,80.440674,-22.850208,28.25551,-17.55783,7.4461546,-26.601192,-14.173769,-12.201143,-24.419256,-22.71734,-16.72052,-21.285204,fear,f02 (2).wav
-281.4706,71.19684,-23.619894,33.71849,-9.537646,20.565393,-15.639453,-16.879587,-13.505952,-20.230558,-17.435333,-17.446783,-11.212353,fear,f08 (4).wav
-444.2387,72.89021,7.7932277,18.577044,16.841557,18.975521,-5.1614466,9.753694,8.466901,-1.8006767,1.798776,5.6259856,3.5320373,sadness,s08 (6).wav
-301.08716,73.93673,-53.893192,10.792205,-10.695723,3.4352212,-14.6306305,-8.177042,-5.751487,-15.683749,-10.355255,2.0811498,-4.8449416,happiness,h07 (5).wav
-300.69244,103.032394,-29.993895,10.593181,-12.834635,0.6767111,-28.100098,-18.657236,-18.898695,-24.08446,-18.953024,-12.912995,-14.636574,disgust,d08 (2).wav
-422.965,69.81152,-1.4420531,9.321107,11.201072,18.016703,-13.034929,1.1030141,5.3762035,-2.7477486,-5.240605,4.3046446,-2.4203296,anger,a09 (6).wav
-287.188,94.80443,-13.599025,16.39726,-16.811733,-2.3063939,-23.883976,0.20361464,-11.834741,-20.937464,-16.380672,-12.204068,-17.126402,sadness,s03 (2).wav
-269.80646,86.82633,-33.89526,24.986542,-23.796366,8.912299,-22.95303,-8.872849,-14.404789,-12.032945,-18.079622,-5.5683746,-14.096167,anger,a08 (4).wav
-327.44458,105.7595,-13.242051,23.043728,-12.470678,4.388588,-19.609858,-19.156698,-7.3992496,-12.301371,-15.377324,-9.913687,-11.868925,anger,a16 (3).wav
-306.52338,95.555954,-39.976524,12.332977,-10.68848,-4.817526,-30.02941,-3.7719576,-17.34248,-20.111517,-14.815845,-10.436329,-12.978778,fear,f04 (5).wav
-396.47162,56.10565,-4.406144,9.8695755,4.9244065,8.245229,-10.8748865,5.5022726,5.2839246,-2.3151157,-4.776342,2.8015318,-1.5650872,anger,a18 (6).wav
-319.87112,109.46114,-10.601435,-3.4911418,-28.752512,-2.9123607,-27.69174,-8.16327,-8.969365,-22.80839,-22.16806,-13.204841,-16.011105,fear,f06 (1).wav
-452.1758,79.33728,22.644314,21.961536,17.340376,17.73476,0.2805748,10.780431,6.6619167,-1.8719038,1.857441,5.1471643,2.471769,sadness,s20 (6).wav
-292.01364,123.483086,-20.334734,26.666203,-10.525486,-0.04705151,-13.944282,-2.9346206,-11.330623,-25.273045,-17.717968,-10.570016,-17.451563,sadness,s01 (2).wav
-416.3443,58.9372,3.4778993,8.276432,0.42726582,10.230029,-12.253047,3.608695,3.5493207,-4.8811016,-5.92066,3.4666104,-0.9801448,happiness,h13 (6).wav
-308.16968,87.11599,-53.62145,-1.1927223,-22.85059,-12.447226,-34.83845,-13.417427,-18.524467,-27.95706,-12.218325,-8.175464,-23.967176,happiness,h07 (1).wav
-349.07324,82.5241,-33.569786,-7.3825197,-19.375347,-17.31067,-37.11914,-6.5643773,-12.939303,-29.265368,-20.317924,-14.562232,-23.216217,happiness,h04 (2).wav
-354.1444,95.14074,-4.293459,16.370493,-0.96729624,0.44385865,-17.382612,2.1752424,-8.931375,-18.956478,-10.407907,-8.022787,-17.021885,sadness,s19 (5).wav
-325.00595,59.287167,-48.73731,12.813089,-12.605219,7.2536798,-16.96633,-13.528371,-6.0301814,-9.648498,-10.067738,2.0956948,-1.9577476,happiness,h20 (5).wav
-367.53302,66.27391,0.976761,16.151508,3.6465123,17.626339,-10.899359,3.0831087,4.084681,-1.2038794,-4.4784164,5.737837,-1.9100627,fear,f04 (6).wav
-301.1326,103.33121,1.4627374,46.941704,-0.25005835,22.60187,-5.8479214,-1.4096057,2.583614,-10.132603,-7.997013,-3.1480238,-8.712411,sadness,s14 (4).wav
-393.6912,104.17548,-16.72803,13.427012,-2.0293775,0.853173,-26.654213,1.2222942,-8.654212,-21.096231,-9.676739,-9.854201,-21.51766,sadness,s15 (5).wav
-314.64594,110.89471,-30.831797,19.220476,-25.575691,3.4694614,-15.693746,-10.107881,-12.471441,-12.979315,-16.539646,-9.913905,-5.89434,anger,a12 (3).wav
-323.03217,129.84354,-20.603687,-3.5100775,1.8892637,0.14874591,-33.529217,-6.844127,-8.511058,-31.590887,-11.398285,-15.715336,-16.423979,disgust,d19 (1).wav
-275.3894,124.5183,1.8902154,24.660265,8.015123,11.265061,-7.7343554,12.696077,-8.146621,-10.247141,-4.0254583,-1.9264685,-9.497664,sadness,s01 (5)a.wav
-286.05124,94.53904,-23.074348,14.296056,-12.071988,7.515261,-23.43344,-4.260594,-16.124722,-19.599949,-4.0564857,-1.7899046,-14.709339,fear,f07 (1).wav
-452.39645,66.06805,14.113537,22.022593,13.183661,17.948849,-1.7907315,8.698657,4.7459993,-0.26368442,1.9970634,5.5227847,1.4315295,sadness,s10 (6).wav
-327.24872,122.62924,-7.1414433,7.218732,-4.933898,12.999705,-24.245945,-19.526958,-15.837136,-32.908363,-25.428366,-14.191184,-12.344632,fear,f19 (2).wav
-336.4957,85.15614,-39.72876,0.9567044,-20.02063,-15.155609,-37.81239,-16.492964,-11.125351,-29.365433,-28.07198,-12.098721,-20.900496,fear,f04 (1).wav
-276.35373,126.26527,-4.540683,15.765137,-9.100506,12.86108,-29.856384,-14.307127,-21.437819,-23.967487,-15.774715,-13.354237,-7.276873,disgust,d05 (2).wav
-306.1832,104.62745,-24.325335,16.796946,-25.323828,2.7122881,-13.923416,-13.691167,-15.395748,-9.473945,-22.926886,-15.619378,-15.697312,disgust,d01 (4).wav
-286.6028,85.58116,-33.84944,17.561008,-32.552322,-2.676236,-13.604362,-13.079887,-17.728544,-12.744319,-22.393446,-19.094442,-9.304332,happiness,h12 (4).wav
-416.5044,71.306816,1.3097,12.837422,8.382445,15.220306,-12.991623,3.2125888,7.3123336,-2.8192625,-4.0793953,6.4517746,-1.7592456,happiness,h18 (6).wav
-290.7839,69.766235,-29.32567,6.5675077,-28.278368,1.8147144,-29.98883,-3.7392602,-16.384132,-22.04141,-22.806255,-18.788864,-17.95514,disgust,d11 (2).wav
-326.97018,105.42812,-17.563538,18.328426,-5.7712164,8.899348,-24.619467,-19.730478,-19.183014,-32.78451,-25.09124,-7.666393,-14.945871,disgust,d18 (2).wav
-322.96936,94.34015,-18.127415,0.6361048,-16.67233,1.3870023,-36.585693,-18.717813,-16.748442,-27.065104,-28.557617,-19.409405,-25.265087,fear,f09 (2).wav
-353.46436,101.39141,-20.756823,10.4448395,-11.950294,-0.76952034,-25.522339,-4.000257,-19.3554,-18.959358,-13.279851,-14.053546,-14.111058,fear,f01 (5).wav
-294.30014,98.06501,-28.137943,10.94877,-21.2912,-8.507393,-37.509117,-8.417093,-16.974607,-25.999634,-22.672081,-21.390863,-23.522247,fear,f09 (1).wav
-317.01233,80.17208,-18.135649,18.051144,-11.381788,3.3124123,-28.019297,-7.3012943,-11.103225,-21.78344,-18.284828,-14.033152,-17.801435,fear,f02 (1).wav
-294.9501,94.06002,-56.913097,3.6970105,-23.038395,-16.109167,-39.46426,-21.098448,-17.335697,-31.133135,-23.968334,-16.293013,-18.87478,happiness,h15 (2).wav
-436.14502,70.069954,10.229075,12.162368,7.8872247,17.021389,-6.858712,6.668929,6.7741346,1.4348598,-1.8475373,8.547653,0.23155713,happiness,h01 (6).wav
-470.914,74.088905,18.559128,22.835403,17.23466,17.688156,4.161582,11.746861,8.124255,-0.1894591,2.6037211,7.343794,4.127322,sadness,s12 (6).wav
-288.67908,119.75622,7.0457006,23.711138,-0.46187595,12.102548,-19.339308,10.567668,-11.568256,-11.847161,-6.2895193,-15.336997,-10.445842,sadness,s19 (2).wav
-405.04773,72.42958,-9.102197,-0.1817552,-0.70888925,9.001132,-16.724806,2.4075994,2.4969218,-10.333289,-10.355832,4.04609,-2.4674108,anger,a19 (6).wav
-279.7152,121.24337,-45.215363,-0.78891164,-8.688884,-2.5502856,-34.07068,-4.9757953,-19.19805,-23.307652,-8.503923,-13.986526,-21.004374,disgust,d14 (2).wav
-340.0454,86.45108,-26.770748,7.602453,-11.990585,-8.678094,-32.786415,-6.5700874,-13.21281,-30.566223,-17.746675,-11.18361,-14.148124,disgust,d04 (1).wav
-276.13156,90.94125,-40.38297,12.284861,-35.63046,-2.2071104,-20.493052,-18.40095,-10.475119,-13.782367,-21.973751,-17.284391,-11.070178,happiness,h13 (4).wav
-286.8829,76.90854,-23.232195,17.083683,-24.310059,-3.9881372,-24.17882,-3.067296,-2.7673075,-11.819778,-16.763563,-1.1790859,-16.223238,anger,a02 (2).wav
-308.7877,97.59923,-0.79338235,23.675623,-7.413056,-4.821891,-11.193979,7.975383,-15.051699,-16.84855,-1.17754,-12.105749,-16.840864,sadness,s07 (5).wav
-333.77017,71.285576,-33.388683,-5.4091296,-31.69479,-18.928923,-30.303837,-10.0361805,-10.795994,-23.556547,-23.938318,-11.854844,-18.472368,anger,a04 (2).wav
-338.48758,119.953445,-2.0230243,13.21553,7.920377,-0.8661857,-16.486044,-1.2378844,-14.551091,-14.709126,-17.1084,-19.250439,-7.3788404,disgust,d09 (1).wav
-453.7116,79.37264,12.389929,16.635563,13.385483,17.482218,-7.44017,5.317677,8.823994,-3.9766278,-1.0799416,4.1976204,-1.7835674,sadness,s09 (6).wav
-256.79398,86.37431,-54.169415,3.4489496,-30.627754,-5.676023,-43.711765,-13.551799,-21.0558,-21.8194,-20.427668,-12.070832,-20.580091,anger,a10 (2).wav
-398.27097,46.922394,7.1181197,17.160288,4.748045,14.301827,-5.191244,1.7108139,2.5319364,-2.1293986,-3.068465,5.35213,-2.109389,fear,f10 (6).wav
-452.86032,58.242275,-1.0462877,8.939469,7.9474864,11.530237,-9.122204,3.2991533,4.2622705,-3.1186655,-1.9500066,5.657806,-0.47011968,happiness,h12 (6).wav
-320.53503,105.95597,-11.49929,35.374424,-4.836613,19.294502,-1.4665141,-2.3850138,2.915779,-1.3830466,-8.672138,0.59291357,-5.3009286,sadness,s12 (4).wav
-290.96246,84.21291,-44.60931,5.802725,-18.11237,-16.290113,-30.217163,-8.079021,-18.196842,-24.11201,-16.280573,-6.6602116,-21.496798,happiness,h12 (1).wav
-328.3174,91.98833,-13.425624,31.629677,-23.018345,6.603305,-7.401233,-0.07478396,-1.959237,-8.590305,-23.5273,-10.570219,-3.263561,fear,f12 (4).wav
-330.5205,88.04098,-22.908333,9.817242,-8.582796,-9.127646,-36.462337,-2.779535,-5.3065405,-25.880219,-14.424617,-12.542036,-24.606117,anger,a09 (1).wav
-319.85422,110.077576,-36.372234,11.393418,0.74505544,5.3069124,-20.211403,-2.1371791,-8.010456,-9.629783,-10.123564,-3.1229296,-5.1297874,fear,f19 (5).wav
-326.28323,99.87816,-16.258453,8.513807,-29.610777,-10.656753,-36.203236,-6.9313574,-12.645292,-31.46369,-22.864037,-16.56648,-16.381643,anger,a05 (2).wav
-289.86212,89.55184,-30.915127,6.673719,-21.115324,-21.66457,-35.85091,-0.88441354,-17.901947,-23.811754,-16.149137,-14.116561,-22.442827,happiness,h15 (1).wav
-328.1854,94.40476,-5.38066,16.269417,-1.8981961,-3.6800287,-30.28882,-7.9463916,-21.725252,-30.163435,-18.346504,-16.26577,-19.783728,disgust,d17 (1).wav
-344.30203,85.37558,-13.607088,29.0474,-0.34135532,-6.564714,-26.463915,4.4834223,-10.868447,-21.296305,-7.3347173,-15.07812,-13.463302,sadness,s02 (5)b.wav
-351.3531,169.3481,5.2795486,28.67544,2.9612288,-2.5074675,21.990618,-6.37325,-10.493036,-0.15791275,-16.809547,-1.8380796,1.4353046,sadness,s07 (3).wav
-429.6293,53.35464,-12.954136,-1.029458,-0.16433197,10.0952215,-10.725583,2.296757,1.6596001,-2.437755,-4.2528434,2.8581703,-1.8697001,anger,a07 (6).wav
-296.74118,90.698654,-13.872433,30.932762,-3.473789,30.64786,-2.9931934,-10.397622,-10.845867,-15.476249,-17.033531,-5.862586,2.487618,happiness,h10 (3).wav
-285.44547,69.27379,-45.05895,7.379971,-29.422005,-12.627977,-36.98207,-19.657255,-19.63869,-32.145,-37.647995,-15.779205,-20.345432,fear,f04 (2).wav
-355.46887,109.09286,25.411755,57.07222,9.07613,20.14816,-3.7193923,-2.159453,-7.962691,-11.610847,-2.5214314,4.929795,-1.8749374,sadness,s16 (3).wav
-382.5145,87.85728,3.7937925,9.658127,-2.1993427,13.210588,-16.37184,1.7625583,7.1724033,-7.80484,-9.961734,6.937123,-4.6276774,fear,f06 (6).wav
-439.23343,61.925716,3.3543363,12.794187,7.163718,10.51548,-7.719,3.7770483,4.2012877,-1.3979378,-0.8534309,6.384015,-1.3834491,happiness,h03 (6).wav
-278.3346,95.45795,-5.0201774,34.299652,-8.736279,16.734531,-19.563225,-11.084473,-2.7052712,-3.1378417,-20.341671,-21.027851,-15.178377,happiness,h04 (3).wav
-307.28748,93.30982,-30.917088,18.852678,-19.02402,6.93529,-18.556381,-15.206061,-12.763793,-12.484182,-15.279847,-21.122326,-16.075447,happiness,h09 (4).wav
-353.3308,114.48584,-17.884184,-1.7337675,-14.827598,-1.7267348,-30.490093,-0.1654783,-12.202166,-23.887363,-14.67987,-13.002727,-16.050142,disgust,d06 (1).wav
-300.7357,95.130875,-33.670647,17.82975,-3.4992535,5.020593,-13.430819,-10.444124,-10.909591,-2.038014,-7.3979893,4.886609,-3.795221,disgust,d01 (5)b.wav
-329.0914,81.05763,-5.558667,44.943855,-5.2338405,19.620367,5.724709,9.50393,-10.223324,-5.327321,-7.2096233,-5.8524637,-2.327752,fear,f12 (3).wav
-307.5919,99.64144,-11.095662,23.790058,-8.738064,0.9422932,-17.282375,-0.051293157,-10.904051,-12.5676565,-13.287743,-7.9273133,-12.674903,fear,f18 (1).wav
-304.04382,91.84453,-40.38286,14.807587,-26.819008,2.4187853,-21.039486,-17.384953,-14.029154,-14.389866,-23.051079,-18.566462,-13.266506,happiness,h15 (4).wav
-359.60272,125.864944,-3.5651138,14.452396,5.3336835,7.044592,-12.798882,-19.331263,-17.251144,-13.106223,-12.593891,-13.300872,-6.5936747,disgust,d09 (3).wav
-270.87418,121.83056,-32.501873,0.5307959,-31.148571,1.2400935,-25.457243,-3.795993,-6.829387,-22.436916,-14.12981,-3.3323927,-10.361066,anger,a06 (2).wav
-362.07513,90.14551,-45.839657,3.9451697,0.23018935,-8.763428,-10.675739,2.2903163,-3.6000855,-15.446736,-8.360994,-1.9291803,-11.728879,anger,a19 (5).wav
-455.23584,58.695175,0.8345637,13.009523,8.122816,8.82613,-10.445485,3.3372629,5.923358,0.9679417,-3.4764102,4.9831448,0.8787645,anger,a04 (6).wav
-329.75748,104.79181,0.61689645,13.296812,-13.524893,-1.4772156,-25.925972,-10.904247,-9.837441,-27.151146,-22.080032,-13.948171,-14.091834,disgust,d09 (2).wav
-314.51944,97.93104,-8.744357,32.790577,-38.956753,-10.56425,-23.72912,-16.609262,-3.355511,-15.801284,-27.05336,-18.86531,-15.869588,fear,f13 (3).wav
-388.11005,49.5826,-1.046894,21.342712,3.4828792,14.104589,-6.1984153,4.9568744,4.2636824,1.2522618,-4.047672,2.8388994,0.14516798,anger,a11 (6).wav
-287.9098,94.78927,-36.473892,35.019997,-11.870915,16.451591,-13.942543,-6.921692,-9.842715,-1.4954374,-17.351866,-12.145246,-2.6118298,anger,a10 (3).wav
-354.45618,121.180016,26.232258,46.136707,4.006354,18.613012,1.4840866,-5.7931557,-8.4033785,-5.1913166,-13.735486,-10.099958,-9.7118635,fear,f14 (3).wav
-326.66705,112.894424,0.56579006,19.266836,7.1591406,26.055325,-4.1325045,-18.376766,-18.583591,-13.76162,-18.7172,-16.142859,-4.9927583,disgust,d17 (3).wav
-420.59586,54.750343,-0.7630576,11.358739,1.6992098,7.8317347,-11.286014,3.5281796,2.0936658,0.5190218,-2.9982543,3.9005282,-0.46276537,anger,a03 (6).wav
-277.28598,93.30917,-7.640225,29.587944,-24.058838,6.698079,-7.9485707,-15.014099,-11.123724,-19.965656,-24.222399,-23.468773,-14.816453,fear,f10 (4).wav
-272.14774,74.22208,-27.86573,20.711742,-27.763792,1.0702974,-26.126062,-15.004137,-15.153113,-25.043701,-31.708153,-8.025264,-20.387024,fear,f03 (2).wav
-300.39514,66.57078,-14.397736,45.615337,-15.513729,12.635102,-10.214098,-3.3344884,1.0572002,-14.049452,-17.826687,-16.598434,-7.7272964,fear,f11 (4).wav
-316.8967,98.10459,-1.9665858,39.99848,-1.4278767,19.185503,-7.2852097,-2.864363,0.312847,-2.77417,-1.72636,-5.157295,-9.313036,sadness,s16 (4).wav
-280.16248,106.64116,-16.1675,23.21863,-5.370956,9.883536,-17.942934,-4.0622196,-16.188606,-21.885084,-12.068735,-5.4014606,-6.099399,disgust,d12 (1).wav
-357.68106,66.39536,10.740681,15.122389,-6.947486,5.7485485,-10.244392,3.2649405,2.6650581,-6.413882,-8.346768,5.6031904,-4.3349595,fear,f13 (6).wav
-310.81772,93.11772,-10.14095,24.562763,3.2631388,-1.7438613,-22.458973,4.555186,-11.204675,-18.467482,-9.146185,-12.034519,-14.333588,sadness,s08 (5).wav
-411.7002,75.313446,8.470857,16.861732,11.092723,16.95875,-9.888149,2.3994489,7.084672,-2.0951362,-5.7089205,6.3328676,-1.6397513,fear,f05 (6).wav
-289.51852,96.337265,-26.083681,27.466995,-20.357084,3.259572,-22.738506,-14.566703,-11.325804,-8.655695,-17.579386,-9.911658,-16.700079,anger,a16 (4).wav
-332.1767,86.06867,-5.436888,16.453495,5.66373,22.701893,-4.7444687,-16.86576,-24.845156,-19.478884,-19.63957,-12.467931,-3.8343844,disgust,d10 (3).wav
-271.85995,100.04492,-8.658821,12.408716,-23.348572,-6.0851493,-28.00419,-9.563864,-12.813222,-20.854923,-20.349182,-15.339225,-21.501907,fear,f16 (1).wav
-319.74966,89.21108,-24.491873,14.253067,-20.41251,7.2465744,-16.711718,-13.469076,-10.840531,-15.370168,-24.479635,-16.084618,-15.774998,fear,f15 (4).wav
-302.1889,83.27359,-20.036247,26.54642,-12.906241,11.013211,-6.9869933,0.011222874,-6.538905,-5.06,-7.6206675,4.286931,-1.23196,fear,f12 (5).wav
-408.35382,71.162766,3.655639,10.145592,0.6450342,9.990051,-11.973956,2.3719382,2.8818946,-0.2496293,-6.6704397,3.6234815,-1.7805316,anger,a01 (6).wav
-284.34216,84.35869,-36.184113,26.249279,-28.662704,4.150353,-21.284357,-17.175238,-10.943373,-14.460934,-20.185495,-16.093992,-6.5750513,anger,a08 (3).wav
-366.58588,108.048386,4.4139643,22.151167,-3.4553158,21.158276,-14.054263,-8.991477,0.77283293,-9.577175,-15.855199,-2.228155,-15.842623,sadness,s10 (5).wav
-313.5699,103.38116,-6.5991836,25.102034,-28.089516,0.9072541,-19.082651,-16.067266,-11.187414,-14.737126,-21.983335,-28.300926,-15.005851,happiness,h05 (4).wav
-340.13654,105.575165,-46.42464,-5.7889786,-1.7270426,-11.366468,-41.589924,-16.348097,-14.166102,-39.162125,-31.032187,-7.1419387,-20.434017,happiness,h04 (1).wav
-345.98206,70.76551,-35.93494,14.459862,-8.108867,-3.8722382,-13.903643,3.1854355,-5.936173,-9.818937,-5.311972,-0.9132755,-10.254729,anger,a03 (5).wav
-431.56058,64.960396,-2.5162265,7.1509314,5.1513586,12.489142,-13.111364,3.7648094,3.7492378,-3.9673958,-3.6501334,6.57007,-0.53512126,anger,a08 (6).wav
-275.38425,97.699615,-3.9708028,48.51523,0.18233119,27.19195,-8.630124,-1.2476344,6.418032,-3.3076634,-4.261225,-6.6691947,-9.29651,sadness,s17 (4).wav
-284.5312,104.16725,-15.701757,24.17132,-9.002319,1.4601184,-17.192707,6.1847444,-16.61133,-20.55715,-9.657454,-8.931323,-12.485293,sadness,s18 (1).wav
-286.55246,118.74021,-25.84763,20.624996,-28.50524,15.193023,-16.625254,-12.083715,-6.472505,-14.872097,-18.501776,-11.063104,-11.921403,anger,a01 (4).wav
-427.1287,80.27848,13.54776,19.10888,15.392507,19.194027,-2.7717738,7.137313,9.533935,-1.6999048,0.67943716,6.0016026,0.29130486,sadness,s15 (6).wav
-294.44223,94.63886,-37.00889,-5.0040975,-17.420614,-5.3156166,-39.661587,-12.869046,-18.872786,-23.054346,-20.02636,-13.044886,-16.932625,happiness,h14 (2).wav
-334.4074,133.5,-13.763193,-15.27763,-16.786482,2.6045165,-38.326496,-15.304204,-2.380797,-21.50937,-25.15624,-16.019327,-12.06098,happiness,h01 (2).wav
-328.4985,106.45156,-2.7037187,22.281189,-25.299936,10.25969,-8.78762,-12.265698,-0.90350366,-11.590661,-20.617718,-14.46659,0.1109496,happiness,h13 (3).wav
-312.8939,61.499447,-33.055885,42.58523,-5.2106752,11.806438,-17.409882,-1.2172834,-19.017992,-21.02662,-13.662753,-10.471827,-16.45576,fear,f11 (01).wav
-365.54803,86.415,0.5937904,14.006503,9.662839,12.821672,-19.026941,0.962117,0.8539129,-4.256476,-13.133096,-3.4970777,-8.382563,disgust,d17 (6).wav
-288.69296,139.99217,-7.38559,20.444784,-8.905662,25.351212,-14.022656,-13.037153,0.14940053,-5.6822867,-14.831102,-15.810271,-7.164525,anger,a05 (3).wav
-305.3935,120.818924,6.1572647,32.46,-13.543457,17.769855,4.6584992,-1.6515573,-8.113225,-4.189763,-11.5923605,-9.251337,-3.433554,sadness,s12 (3).wav
-328.39236,89.78573,-22.630428,28.196877,-10.661417,11.952872,-13.50606,-14.807198,-5.5171905,-13.110359,-14.896799,-17.069218,-14.030314,fear,f04 (4).wav
-311.4509,109.54627,-34.856464,9.894716,-12.216333,-8.521165,-32.50193,-5.6277275,-4.7244616,-19.39569,-12.916426,-11.477424,-17.16581,anger,a09 (2).wav
-316.47372,88.05209,-12.199825,27.517912,-13.3668,-0.65716827,-8.395675,-8.646218,-16.632048,-22.055979,-23.764774,-9.604559,-12.627044,disgust,d18 (4).wav
-323.30222,105.21479,-38.887947,9.161727,-14.819006,2.7629988,-27.341894,-3.1480691,-5.174464,-23.878555,-8.544587,-7.746809,-19.73013,anger,a07 (1).wav
-347.98032,111.96695,-2.9772737,12.500615,-21.06458,-0.7860713,-4.257251,-8.589187,-12.197035,-14.072942,-15.252453,-8.641184,-15.197458,disgust,d06 (4).wav
-348.29004,75.69667,-53.224934,-6.7478037,-22.355,-4.9306464,-32.23426,-17.268106,-20.020319,-20.272541,-15.590181,-8.299116,-8.988242,disgust,d20 (1).wav
-359.37817,95.39985,13.373359,26.094831,-4.813631,-1.5891947,-13.732719,2.157287,-15.031224,-13.371213,0.19890861,-10.706133,-20.222092,sadness,s16 (5).wav
-293.29007,103.51122,-29.17828,28.219954,-12.433618,2.9049714,-11.246286,-20.97455,-12.295488,-15.411644,-18.223658,-20.80412,-19.678585,disgust,d09 (4).wav
-374.45584,98.45721,-9.856223,19.195377,-1.0184271,-0.4457493,-26.444195,-6.1984596,-5.0899405,-16.828896,-11.485622,-12.163169,-17.006266,sadness,s04 (1).wav
-337.113,79.65197,-35.100094,7.1351643,-11.976083,-1.1657479,-19.97103,-1.8511324,-10.615467,-15.160889,-9.924834,-3.8083754,-4.305576,fear,f18 (5)b.wav
-307.89343,107.34939,-38.085247,17.295242,-9.525556,-5.804338,-8.829238,-10.881692,-16.577065,-9.395846,-12.300039,6.2589474,-1.386701,disgust,d12 (5).wav
-329.10233,108.91912,-15.64331,17.96914,4.2776885,-2.0873241,-29.057995,0.23861516,-14.351836,-21.055143,-9.364965,-21.017502,-12.863154,sadness,s04 (5)b.wav
-332.21576,123.4684,12.312558,66.8456,5.1991415,25.367764,5.308289,-1.490852,0.78120345,-8.068858,-6.0138574,-13.484931,-11.658112,sadness,s17 (3).wav
-332.70435,123.23781,4.073074,12.079801,-11.678691,4.979606,-26.040081,4.624995,-6.175662,-16.13624,-2.849762,-6.5814967,-12.827836,sadness,s06 (1).wav
-321.90482,97.743675,-41.91648,0.94465464,-21.845753,-5.3920426,-28.791574,-3.7186763,-8.434877,-16.746029,-11.5647745,-11.034535,-20.828552,anger,a12 (1).wav
-277.02054,96.94055,-12.613212,27.36648,-13.209347,-3.858706,-25.285717,1.0330088,-14.858536,-15.130417,-8.754617,-13.341061,-21.043118,fear,f14 (1).wav
-327.833,104.938965,2.209217,13.357108,-8.077795,3.6578054,-16.67332,-7.8547063,-12.568865,-15.74502,-23.525684,-17.16704,-9.101,disgust,d08 (3).wav
-276.68408,92.20169,-22.53424,43.19357,-8.839652,22.980114,-8.3950405,-17.291954,-11.428269,0.0762049,-10.510895,-12.520442,-16.38363,fear,f20 (4).wav
-281.54846,150.39452,-5.3334064,13.454838,-10.2546835,12.199723,3.7181234,-6.845249,-15.552003,-5.176441,-11.073883,-13.448175,4.0434422,disgust,d07 (3).wav
-300.78525,74.018906,-65.99751,-8.15809,-44.701492,-13.779509,-30.22403,-23.10598,-23.360176,-30.83281,-19.161354,-14.759915,-22.557148,fear,f12 (2).wav
-281.04858,87.88424,-31.817286,27.655104,-21.710075,5.2259393,-9.283348,-2.925068,-10.727015,-9.767407,-23.538086,-12.096827,-11.911082,disgust,d12 (4).wav
-305.80237,117.52036,-30.444778,21.846592,10.179576,3.2630062,-15.252512,-5.672714,-9.497761,-10.055098,-9.836513,4.471082,1.0657886,disgust,d05 (5).wav
-311.22748,66.67885,-34.10111,15.106474,-26.588312,6.9065776,-21.946081,-17.854425,-26.453964,-20.785223,-27.188564,-19.103724,-15.151104,fear,f15 (3).wav
-301.41116,88.3098,-13.4870405,20.374353,-12.43422,0.3532561,-23.840494,-0.49139988,-8.438823,-13.505276,-12.9595375,-14.591975,-19.263302,fear,f17 (1).wav
-343.7518,111.19177,9.269372,16.644905,1.8843346,6.049112,-22.870325,9.24774,-8.127252,-18.727522,-6.7714796,-11.5959835,-8.601787,sadness,s05 (5).wav
-286.84085,78.15948,-19.379679,32.905716,-40.45446,5.285879,-27.263802,-21.69339,-24.80224,-17.222187,-27.716923,-19.75855,-14.778963,fear,f16 (3).wav
-306.2728,80.7525,-39.61022,7.401818,-26.311977,-10.28784,-32.179203,-5.755505,-13.634114,-23.599216,-24.41095,-9.560732,-22.107046,anger,a18 (1).wav
-361.45386,126.22925,-2.282959,-10.220542,-7.170272,2.5478833,-26.452316,-5.1942253,-10.753913,-25.905811,-15.15407,-3.7204854,-18.277462,happiness,h06 (1).wav
-287.71725,82.42324,-43.244843,0.9566852,-35.04125,-11.294204,-29.504028,-4.285975,-11.198299,-17.35276,-15.465128,-7.338221,-15.130911,anger,a13 (2).wav
-294.74216,69.19482,-35.765053,30.700768,-21.821075,5.583915,-12.353531,-10.237422,-12.952824,-7.7471633,-18.209066,-16.645859,-14.286912,happiness,h11 (4).wav
-297.46524,97.64538,-2.850048,29.268261,-1.7998047,3.7185752,-9.645745,5.7560997,-13.331214,-16.220346,-13.806931,-16.511198,-14.8085985,sadness,s17 (2).wav
-366.29327,68.673454,-51.999546,7.804289,-6.210961,-4.689475,-23.51417,-4.207905,-8.944704,-6.6150675,-8.42067,5.2678647,-1.8236581,anger,a20 (5).wav
-299.7991,89.342155,-15.085875,40.27539,-13.091469,-8.3321295,-15.91798,0.36696526,-7.6250043,-34.87918,-17.308807,-15.175203,-17.563995,sadness,s11 (2).wav
-325.7336,88.70217,-14.8590765,-2.0001636,-12.163368,-8.080298,-36.848618,-18.82383,-14.997253,-27.880983,-28.672367,-16.12823,-15.2517,happiness,h09 (2).wav
-306.06174,119.170494,1.8787904,31.259958,-13.529475,25.66836,-6.60171,2.1756876,6.3905106,-3.9492311,-7.8204455,-3.6543276,-7.9352174,sadness,s01 (4).wav
-418.92255,88.439255,-6.096564,8.4244,15.087785,18.06409,-13.864738,0.6868259,0.95184547,-6.012452,-7.1025014,-0.94931763,-5.109807,disgust,d14 (6).wav
-353.52847,100.49741,-6.7217503,24.434347,-16.12605,4.0874276,-2.8354676,-8.225697,-5.9203515,-9.796158,-15.603897,-16.997204,-15.649502,fear,f16 (4).wav
-279.21112,119.74281,-8.695312,18.918062,-23.035389,12.778705,-13.705841,-13.360276,2.8856847,-6.219959,-25.583426,-10.199105,-12.944985,fear,f19 (4).wav
-288.919,125.07499,-46.834263,3.135202,-12.131406,-20.18141,-38.78127,-12.699028,-20.985891,-29.87735,-26.190138,-19.430576,-18.30563,happiness,h05 (2).wav
-306.07983,67.00878,-30.955639,12.526542,-24.554071,-2.2126083,-20.859894,-22.43069,-24.486612,-17.130835,-25.823498,-22.09766,-14.640872,happiness,h08 (3).wav
-351.36835,92.13641,-31.444544,24.417374,-30.272566,2.9045577,-16.4496,-16.001303,-15.537175,-12.463947,-20.460638,-13.185925,-5.9888287,anger,a02 (3).wav
-324.022,117.23016,-31.196712,1.8701301,-27.749434,1.5466177,-18.592422,-26.252079,-20.517572,-19.558758,-31.504192,-15.347446,-6.330733,happiness,h19 (3).wav
-407.57504,82.31505,-1.1400399,1.8928119,2.4355419,10.400625,-20.811125,2.485594,6.6398587,-5.3184276,-9.692104,3.4281464,-1.3615808,anger,a06 (6).wav
-404.91116,73.65444,-24.510998,19.177576,2.3700604,5.2107606,-7.3989577,-0.9468503,-4.719324,-4.0956316,-5.924454,3.439908,-1.1810608,disgust,d03 (5)b.wav
-361.38626,70.48444,-4.8929224,18.538183,6.440701,17.486883,-14.36123,0.4613075,3.2848995,-3.9081016,-7.173772,5.1653523,-4.790691,fear,f02 (6).wav
-288.19806,61.75087,-62.90461,2.584781,-39.43058,-9.864874,-27.954302,-19.0453,-19.07009,-33.4959,-20.806631,-9.019349,-16.032907,fear,f11 (2).wav
-317.10992,100.22071,-46.361763,-4.8663955,-14.740909,-11.2060375,-30.212238,-10.753629,-12.46951,-22.44845,-11.967104,-6.2298956,-20.422781,happiness,h20 (2).wav
-236.3895,83.66214,-46.702118,26.966272,-11.799531,-6.508835,-22.542196,3.472822,-12.339996,-14.282733,-6.981983,-2.759433,-11.254963,anger,a10 (5).wav
-323.8684,99.59115,-24.171309,4.3242807,-28.80946,6.58955,-19.889938,-19.821512,-11.950499,-16.331705,-21.746504,-10.72344,-6.461657,anger,a19 (3).wav
-269.40747,81.17535,-13.2042885,17.83492,-32.73656,13.364954,-22.21405,-18.321497,-11.201082,-7.512811,-25.952637,-17.012014,-7.3217463,happiness,h01 (3).wav
-385.13483,78.732834,2.4056141,9.551523,2.901462,12.919068,-11.696749,1.0515734,1.5315664,-6.371217,-7.7502213,3.2722735,-3.1210666,fear,f19 (6).wav
-282.37082,90.09841,-22.021711,30.259573,-13.970261,9.766242,-19.519638,-16.703024,-10.049376,-5.055812,-20.015348,-26.846207,-20.135082,fear,f04 (3).wav
-310.01593,81.08752,-6.978387,30.841646,-8.08555,3.4760106,-25.854877,-0.7779503,-10.125282,-16.216145,-15.7197485,-10.575696,-14.790324,sadness,s03 (1).wav
-270.53677,75.498436,-37.74506,-6.5085683,-26.04864,-4.389043,-41.50181,-21.32997,-25.780613,-30.395472,-32.283577,-11.907097,-24.512144,fear,f10 (2).wav
-326.15872,134.55772,2.2227824,13.843703,12.1428585,25.354733,-10.967728,-17.936802,-1.1190223,-10.717475,-26.067566,-12.653722,0.9924557,disgust,d05 (3).wav
-284.52502,114.40445,-11.980743,18.995695,-8.672105,5.5484614,-26.507696,-1.0661902,-6.841907,-32.52914,-26.521376,-12.075864,-10.579805,fear,f05 (1).wav
-288.17365,99.212006,-11.248629,25.616766,-15.817307,4.9985156,-29.622211,2.5144184,-16.052153,-15.242068,-12.38819,-13.617813,-17.97281,sadness,s07 (2).wav
-303.72406,124.03319,14.031401,32.06596,-3.0894663,-1.0342824,-22.773285,11.93189,-4.9161386,-20.65797,-12.339444,-16.283787,-13.313499,sadness,s09 (2).wav
-299.7895,78.380615,-45.45763,0.26872492,-23.574709,-7.8058677,-31.100918,-8.094966,-14.2149935,-15.125265,-16.693483,-9.807306,-15.302604,anger,a07 (2).wav
-358.0384,100.93135,-23.940994,3.3369637,-16.270882,-14.287653,-25.630667,0.17284857,-12.8745575,-27.03059,-13.818988,-8.503063,-17.67659,happiness,h13 (1).wav
-348.5196,65.22088,1.0963324,21.483265,8.82678,17.92484,-10.340215,4.921369,1.9735476,-3.5068338,-5.9183264,7.30235,-2.668932,fear,f11 (6).wav
-314.50687,153.317,1.5736115,20.553225,-6.982634,16.506826,-9.449115,-12.018257,-5.236254,-11.194833,-13.731555,-15.444375,-0.9289462,disgust,d13 (3).wav
-269.80502,93.774826,-28.52798,16.576584,-14.78712,3.3160038,-17.807457,-0.53156775,-6.3378453,-16.25855,-11.428748,-0.8603296,-13.1612015,happiness,h18 (5).wav
-362.64273,171.86511,31.609467,-2.6462736,-4.5483885,-9.674724,-30.250704,9.853696,2.358628,-31.609682,-18.319992,-5.710287,-2.9316318,fear,f20 (1).wav
-336.16812,105.510925,-29.692268,26.11222,9.6292305,-0.5394492,-17.048666,3.2000694,-10.353522,-10.247874,-2.6274405,-0.9702068,-4.3144736,disgust,d04 (5)b.wav
-315.5681,121.63267,18.377716,39.230236,-1.4983373,22.659317,-8.985614,-1.8478122,5.204122,-1.8226873,-8.162979,-9.131345,-9.248773,sadness,s08 (3).wav
-318.6238,124.58725,5.493096,38.95787,3.297617,28.42256,-6.8156657,-4.2111034,11.149529,-2.6953964,-6.9317784,-6.390192,-12.916444,sadness,s09 (4).wav
-398.4047,69.80491,-1.1933342,9.240856,6.8413076,12.732071,-12.914501,2.0817127,2.8695652,-7.6739187,-9.104059,1.7328076,-4.742853,disgust,d04 (6).wav
-328.84402,72.67784,-27.998388,27.411953,-6.486458,-5.661464,-25.081942,0.9479566,-8.244584,-15.384057,-13.07297,-12.214366,-21.925129,happiness,h11 (1).wav
-316.62314,95.61138,-38.93034,6.64031,-16.843899,-1.9066749,-20.212732,-2.3480275,-11.956152,-15.78081,-10.052308,-1.3407335,-5.749313,fear,f18 (5).wav
-392.1818,61.814724,-5.254791,7.965297,-0.3062631,9.247373,-12.775434,-2.139131,-1.1664255,-8.011402,-6.2460656,3.5426273,-6.821952,fear,f14 (6).wav
-282.2116,112.875885,-31.589857,-3.1192677,-16.456137,-13.860988,-37.223106,-7.7199273,-14.666413,-27.712662,-23.64687,-9.110213,-21.836277,happiness,h06 (2).wav
-334.66492,113.312485,-18.284893,8.909858,-11.219468,5.345741,-10.59756,-16.740337,-18.688015,-16.191835,-19.866695,-15.197957,-5.4382133,disgust,d01 (3).wav
-319.32986,100.47506,-4.1740856,24.630941,11.785576,2.5766582,-14.106344,2.1972883,-8.067288,-15.76267,-12.218225,-10.738584,-13.258245,sadness,s04 (5).wav
-389.4024,62.55395,2.8219275,12.07351,3.5553122,9.364277,-13.489162,0.33959806,3.0050585,-3.5859962,-4.189472,2.2774134,-1.9407947,anger,a16 (6).wav
-288.63715,121.22299,-15.274776,28.309608,5.4507313,-12.227499,-22.054152,-9.410667,-0.8805603,-9.985297,-28.274275,-18.028498,-13.802976,disgust,d04 (3).wav
-368.1332,138.32632,22.169352,38.449715,1.4476426,26.388374,-3.0442185,-6.7369933,-8.497113,-6.678826,-11.755911,-5.770749,-6.8404384,disgust,d20 (3).wav
-452.6829,74.09242,17.101728,13.151346,12.957446,16.963772,-4.215785,6.2253313,7.167744,-0.25591817,-0.41705847,4.6272726,2.0663552,sadness,s05 (6).wav
-315.90018,90.76022,-20.401094,27.244537,-8.841319,-0.19951984,-28.786657,-3.7020905,-7.0242834,-23.112438,-13.271841,-12.356879,-20.670626,anger,a17 (1).wav
-317.01617,88.37617,-11.603217,35.285755,7.11124,15.06426,-3.3346553,9.194558,-3.1692996,0.44166866,3.202418,1.9655958,-2.753276,fear,f14 (5).wav
-255.85968,65.60423,-45.755077,-3.4558191,-33.830822,-3.6730535,-41.02407,-16.881605,-21.176853,-26.62455,-32.1746,-15.197084,-20.531681,fear,f07 (2).wav
-321.7225,123.34837,-9.807015,17.69919,-18.933693,9.281498,-10.824554,-14.058308,-6.5987926,-12.460923,-19.63787,-24.311646,-14.51943,fear,f09 (4).wav
-408.18835,78.81236,0.20127827,6.9121957,6.66976,14.196584,-16.401094,-0.20347153,4.7839694,-4.9737325,-6.629322,6.525856,-1.0239847,happiness,h20 (6).wav
-285.65417,95.101006,-26.336111,12.888193,-22.364916,5.2780824,-28.934887,-14.092805,-16.721354,-31.15113,-22.544472,-16.777935,-19.509819,disgust,d01 (2).wav
-401.5345,60.94798,-1.0906646,14.899352,9.849318,16.042093,-9.735766,3.490702,0.19468689,-3.2042758,-6.880495,2.231241,-2.7716835,disgust,d10 (6).wav
-304.67834,112.77525,-28.171627,12.429153,-3.1957269,3.8523371,-27.62718,-5.028501,-15.641267,-29.255306,-13.469409,-11.079471,-12.055575,disgust,d14 (1).wav
-272.91562,96.016,-18.447104,28.647886,-19.079803,24.050207,-15.172652,-10.580813,-7.4339643,-19.500765,-12.642061,-12.569569,-9.830412,fear,f14 (4).wav
-247.87918,103.31171,-9.395605,32.744225,-21.297955,25.433823,-12.293796,-1.0962628,3.3811703,-8.187108,-11.407676,-11.94967,-10.178752,fear,f01 (4).wav
-302.61572,77.36698,-46.388226,5.602984,3.1779664,-2.359287,-27.882586,-6.4149847,-8.671927,-15.78784,-9.352405,-2.7929268,-9.994077,happiness,h10 (5).wav
-298.6698,82.67961,-41.013714,19.566101,-0.11113055,0.3472623,-19.262747,-0.51508766,-7.149154,-11.631731,-9.074402,1.7895873,-14.647369,happiness,h08 (5).wav
-282.18542,111.87515,-10.540981,7.636949,-22.400084,5.359641,-30.867455,-0.45641884,-12.744896,-25.391455,-21.464766,-12.834095,-16.701712,sadness,s01 (1).wav
-423.2603,68.95288,14.298286,19.846243,16.562063,17.218765,-2.348509,7.984082,7.324316,-0.61651945,2.3422115,3.5632205,-0.13958485,sadness,s17 (6).wav
-297.2097,132.09792,-15.103137,17.116001,7.221877,6.4940577,-29.56649,2.21321,-5.5742865,-24.240246,-8.553297,-12.765945,-19.249247,sadness,s09 (1).wav
-295.3732,141.12556,27.256659,35.03831,-17.7168,16.943027,-1.3934486,2.54643,4.001085,-2.5541048,-13.899294,-6.050542,0.090604216,sadness,s06 (3).wav
-344.68018,108.87466,-19.086538,21.68753,-1.509506,6.940075,-9.880085,-8.16546,-7.931488,-3.8449473,-7.723063,3.514261,-2.843736,disgust,d01 (5).wav
-289.20966,99.2168,-46.586292,3.4568357,-19.628452,-6.129279,-31.738047,-12.544479,-19.549627,-20.094778,-24.174679,-12.75212,-20.864872,happiness,h12 (2).wav
-447.03787,79.37718,-0.90402305,8.670509,14.438017,17.922998,-17.400677,0.06441205,5.3789835,-5.085114,-7.370318,3.9981284,-4.534131,happiness,h09 (6).wav
-308.44446,88.15584,-12.370767,33.54161,-10.570234,4.817835,-8.741535,-6.454891,-14.050496,-14.075464,-22.562635,-16.523571,-16.514654,disgust,d17 (4).wav
-299.95328,86.38857,-36.944885,17.27011,-11.21638,1.786242,-26.965996,-10.522262,-22.182697,-19.083963,-18.2802,-12.578708,-14.062356,fear,f17 (5).wav
-322.64078,96.11271,-38.24783,16.755854,-2.4837818,-2.2267761,-17.919605,1.8043113,-8.6659775,-13.176378,-8.550741,-5.2330313,-8.24357,anger,a09 (5).wav
-387.5304,69.06165,-4.040385,8.251194,5.881656,6.444465,-19.224028,-1.9889746,-2.1912234,-10.155374,-10.81839,-1.7874556,-6.030916,disgust,d16 (6).wav
-295.39023,79.77813,-27.086731,15.5806675,-21.328987,2.1431217,-36.358402,-17.07939,-14.281126,-29.16799,-23.793486,-16.751904,-18.691227,disgust,d02 (2).wav
-328.5437,140.48694,-7.778515,56.546932,-3.8948634,13.334978,3.3965633,-3.0925043,10.923839,-15.253682,-7.2399864,-4.6691656,-7.9626784,sadness,s11 (3).wav
-296.72952,88.910126,-23.115004,9.268672,-33.811035,4.5123863,-24.826162,-14.094862,-8.856109,-13.754509,-21.417356,-18.808695,-13.041862,happiness,h06 (4).wav
-386.74292,70.279015,-7.921293,2.521862,2.92351,10.861383,-19.682192,-3.083559,3.1533713,-7.1411357,-8.291644,4.462093,-4.2990437,happiness,h15 (6).wav
-307.22882,85.76703,-16.88087,27.848074,2.9879136,-2.1477685,-22.509235,-0.9847672,-9.065839,-23.77081,-14.901284,-9.553396,-18.960215,sadness,s11 (5).wav
-393.36276,88.9611,-0.6536994,2.4622126,5.3992157,10.701506,-20.326519,-0.3223045,7.744583,-8.170519,-8.9736185,6.567782,-1.5364782,happiness,h06 (6).wav
-446.09216,77.80078,11.641291,14.771716,10.446541,16.406298,-6.7632847,7.1132755,7.7211704,-2.776739,-1.3902081,5.152939,0.63490814,sadness,s01 (6).wav
-300.59177,89.940895,-33.04306,14.166436,0.045901082,-4.920765,-34.306477,-10.610508,-16.301767,-24.441132,-14.291804,-7.0366983,-19.165283,happiness,h08 (1).wav
-409.85178,62.409714,-2.731288,9.77715,6.7127395,9.648823,-14.163615,-1.6822431,3.2748542,-4.152872,-7.104797,3.8087537,-4.3393965,happiness,h04 (6).wav
-331.08322,110.60807,-0.1669242,26.158636,7.3705387,-3.5338254,-16.992598,0.48932725,-10.062651,-24.40782,-13.509139,-15.943049,-16.671946,sadness,s17 (5).wav
-342.0381,102.729645,-28.862328,12.463821,6.4887424,5.4065733,-18.591564,3.2540014,-12.405295,-11.005509,-5.3955445,-4.0625486,-4.890656,fear,f09 (5).wav
-497.93726,74.51865,18.393444,22.683342,14.958784,19.23595,2.361062,11.254146,7.6704826,0.034509532,4.0355916,6.453353,3.5418043,sadness,s14 (6).wav
-290.13663,82.43051,-35.142193,2.8364286,-31.476456,-9.973248,-38.152508,-11.1501045,-20.882795,-27.072598,-29.438522,-13.16898,-20.714176,happiness,h18 (2).wav
-316.05756,123.99594,-5.835786,-1.2885231,-9.191221,-10.513502,-21.44803,7.1135526,-11.352067,-22.167906,-14.845856,-11.168869,-18.665846,sadness,s06 (2).wav
-284.82297,110.45593,-36.462917,8.092392,-28.205976,4.167028,-20.980255,-13.410687,-11.927599,-9.607089,-22.101301,-8.389153,-16.830698,anger,a19 (4).wav
-258.83804,73.91984,-43.154633,-10.317244,-29.207191,1.0071574,-41.091793,-9.148896,-26.671022,-24.19873,-18.772808,-21.947998,-19.797098,disgust,d10 (2).wav
-295.76132,82.41747,-37.611645,11.912286,-14.548851,-4.404754,-30.832514,-10.148353,-15.241579,-18.173494,-20.441267,-14.000569,-22.07916,happiness,h11 (2).wav
-323.55865,81.55271,-37.304256,5.815705,-19.090153,-13.30168,-28.852354,-6.3027644,-11.514657,-27.16698,-22.337881,-8.695132,-21.860434,happiness,h18 (1).wav
-301.3342,102.58178,-43.86556,6.8535852,-21.960249,-9.117146,-36.392776,-21.639631,-14.315794,-33.71034,-23.222553,-12.951548,-19.645632,happiness,h16 (2).wav
-317.65817,71.11724,-51.33374,20.373323,-12.848683,-7.1839604,-29.003426,-8.346234,-13.612522,-21.116323,-16.285233,-6.36015,-15.289113,happiness,h02 (5).wav
-272.30237,88.84177,-22.206585,21.063637,-23.609016,-7.321075,-26.430063,5.645189,-19.72205,-23.257236,-14.61072,-13.625633,-22.149017,fear,f13 (01).wav
-307.17157,105.89466,-14.65921,25.359758,-14.981641,3.6593554,-11.623839,-14.808164,-9.923734,-17.0776,-23.098993,-14.906056,-16.214645,disgust,d05 (4).wav
-432.6272,76.69136,4.5925646,21.87873,14.872446,19.625605,-8.986762,6.1424575,9.172506,-3.8228936,-1.1678814,7.09676,-0.29924944,sadness,s02 (6).wav
-322.97473,118.89045,-16.633553,2.0060887,-15.433479,-1.7948138,-19.79026,-16.976038,-17.82413,-27.003052,-24.685823,-13.216911,-5.567259,disgust,d19 (3).wav
-297.45264,78.701065,-13.335046,36.617195,3.3357694,14.884373,-11.776936,4.765264,-6.766337,-11.348876,-6.278988,-0.34166205,-3.8915231,fear,f11 (5).wav
-283.9276,126.94286,-0.8180535,19.461697,7.2725472,9.868677,-13.123132,10.891289,-6.605863,-12.14757,-0.8251595,-4.085899,-11.184852,sadness,s01 (5)b.wav
-311.9665,93.17643,-23.691948,17.681084,-2.399242,9.542107,-9.058084,-2.638074,-10.055283,0.28670448,-8.0162735,5.318404,-3.8422117,disgust,d07 (5).wav
-295.6332,96.23226,-15.687574,25.823566,-27.110647,4.156228,-22.572617,-13.497277,3.7254143,-14.130871,-23.235197,-15.86878,-14.0354805,fear,f13 (4).wav
-318.6337,89.08235,-12.919368,26.041147,-9.818369,19.240889,-7.486144,-13.102008,-13.307512,-14.0725565,-16.57445,-13.210056,-8.061529,disgust,d03 (3).wav
-416.44186,71.8277,-2.7454283,7.537289,8.87829,14.541908,-15.52174,0.57624656,3.4322517,-5.934463,-6.06804,5.5106673,-2.8895178,happiness,h08 (6).wav
-262.07852,100.13091,-22.490406,11.027829,-25.159893,-4.1356497,-27.218403,0.74225914,-16.36707,-24.29889,-17.409803,-19.09059,-15.354708,disgust,d13 (2).wav
-301.97586,79.87809,-46.65508,5.0699077,-35.711452,0.0039171833,-21.716766,-22.887964,-14.6069,-13.498652,-21.921783,-21.55359,-15.338148,happiness,h20 (4).wav
-315.4438,97.605316,-31.799849,15.942246,-9.652238,2.2152991,-21.097773,-3.47033,-14.639964,-13.4417515,-10.485,-4.6795883,-7.8060303,fear,f03 (5).wav
-308.16556,108.372505,-20.940119,4.779822,-17.36948,3.296309,-33.797497,-18.387619,-17.897419,-28.193443,-18.270308,-11.785646,-16.15967,disgust,d19 (2).wav
-274.21436,91.22854,-73.95083,-9.882531,-28.678074,-6.913916,-39.161224,-6.920707,-13.159717,-39.728718,-12.694367,-6.58116,-21.835833,anger,a20 (1).wav
-402.48154,57.497597,-7.532416,2.3407054,-1.3975216,8.407561,-13.940557,4.822639,1.594869,-8.37537,-6.33188,3.3232982,-4.158534,anger,a20 (6).wav
-299.8702,138.37634,-32.63251,11.584103,-16.825945,-0.05530548,-12.721348,-6.8703165,-0.2210916,-11.439099,-13.679355,-4.8987575,-1.6459711,happiness,h20 (3).wav
-293.23483,82.06078,-38.60299,5.0327506,-25.928854,-8.53956,-37.11488,-9.722408,-14.058649,-23.347614,-22.083145,-9.5289545,-22.307154,happiness,h03 (2).wav
-324.4748,76.76778,-31.534874,20.889944,-24.930326,0.6301528,-21.027761,-19.780622,-8.7669735,-11.851265,-17.665113,-19.811834,-17.648087,happiness,h04 (4).wav
-334.6031,82.283356,-26.350307,18.924763,4.071121,4.641437,-17.697273,-8.539653,-10.268146,4.75638,-6.5294733,1.6923482,2.119563,disgust,d17 (5).wav
-296.3607,101.18646,-4.658786,40.24937,-3.4275067,22.93814,-9.479989,-3.901309,1.9463274,-5.5337925,-9.237811,-3.7687392,-5.635657,sadness,s15 (4).wav
-286.01434,114.35178,-2.8802104,41.111877,-7.0402603,41.51713,1.3896402,-4.601693,4.1947703,0.39146632,-1.4660751,-5.4902062,1.5631757,sadness,s07 (4).wav
-268.99615,89.34414,-18.20757,26.400719,-30.006266,10.596895,-14.088425,-12.758405,-2.406067,-20.652914,-24.492645,-15.84238,-8.947309,fear,f18 (4).wav
-389.45386,88.942986,1.9293469,5.6659436,6.136169,10.449918,-17.341526,0.8348619,0.47344503,-7.4032383,-12.63173,1.5955173,-5.917886,disgust,d01 (6).wav
-331.06033,136.82904,9.870352,32.988964,-16.500048,22.002455,-0.4664153,-4.101534,-3.2520602,-6.2628455,-14.038004,-9.83042,1.5534242,sadness,s19 (3).wav
-278.17856,59.265022,-51.950554,-2.717294,-34.222294,-1.7961856,-47.88951,-22.444014,-22.64241,-34.78625,-28.438686,-12.708493,-22.633368,fear,f08 (2).wav
-279.3135,116.75453,-4.3871346,19.882936,-12.559611,-0.1865415,-21.096754,7.452695,-10.702267,-23.220081,-10.024008,-9.532217,-9.287246,sadness,s13 (1).wav
-276.37128,96.28201,-28.289116,20.777477,3.8334062,0.93923897,-25.198961,2.1100094,-2.089082,-10.38375,-2.809334,2.3666682,-15.628408,anger,a08 (1).wav
-290.82034,90.13142,-41.262768,7.101913,-12.171573,-9.469706,-17.825567,6.6548667,-12.165872,-21.155212,-11.526286,-6.5769167,-10.385798,anger,a18 (5).wav
-293.24982,105.93407,-7.606725,21.082872,-15.845888,3.7474418,-15.234335,-2.981638,-9.302705,-17.250717,-14.192872,-11.990292,-14.439404,sadness,s12 (2).wav
-313.5837,78.806435,-26.428297,17.764744,-16.681683,-2.1502204,-32.733906,-5.3292437,-20.173063,-21.567806,-25.753267,-13.671493,-22.68555,sadness,s02 (2).wav
-374.4562,77.70768,-7.595737,14.477411,12.716283,12.857208,-18.418175,0.41222122,0.48191518,-9.040381,-11.784757,-0.47265548,-7.649208,disgust,d02 (6).wav
-286.79092,112.08935,-18.332954,7.517789,-9.007073,4.7456527,-34.25717,-11.025732,-8.145438,-14.104049,-15.907985,-8.192052,-17.028484,happiness,h14 (1).wav
-295.70657,101.99836,-23.351383,49.460506,-0.4281095,25.570406,-6.226512,-0.7577806,2.7390714,-9.565276,-4.5975604,-3.6489651,-9.700327,sadness,s03 (4).wav
-277.47336,85.13934,-57.91432,3.2016058,-28.718754,-11.45739,-42.058205,-9.608656,-18.221758,-21.491156,-16.76691,-13.762385,-23.90928,anger,a08 (2).wav
-320.8211,79.39515,-26.98316,30.608269,-12.24867,2.5400665,-10.410921,-13.371846,-13.505663,-11.855506,-22.278389,-12.327245,-16.021622,disgust,d08 (4).wav
-287.93497,75.51923,-31.134413,38.04418,-5.4572244,8.005041,-11.574888,5.965215,-2.3956122,-14.570171,-7.9013925,-4.86329,-8.155001,anger,a11 (5).wav
-413.73032,56.94831,4.8577156,13.296195,1.0835017,11.563148,-5.831578,4.455461,1.5027828,-5.246211,-0.97766924,5.9064226,-0.8887748,fear,f07 (6).wav
-333.14264,77.0894,-31.865206,1.8705065,-20.498579,-15.258154,-30.688255,-7.814993,-17.500813,-23.764639,-14.164077,-14.445812,-21.624807,anger,a15 (1).wav
-408.08228,77.55105,-8.420469,5.257099,10.075593,10.835966,-18.056551,-4.6403203,-0.20409013,-8.83847,-14.804632,-1.8183887,-5.3241224,disgust,d20 (6).wav
-333.18027,120.26663,-12.500398,49.826546,15.095984,34.5162,8.320856,1.0239066,-7.839729,-12.169871,-23.616608,-7.8276143,1.239255,disgust,d11 (3).wav
-355.60437,79.610794,-14.986525,11.28137,-4.7691894,0.24428725,-17.562126,-2.592029,-11.575955,-17.781933,-12.665236,-8.801477,-15.111648,fear,f15 (1).wav
-365.1963,96.527596,2.721918,3.465772,2.0038202,6.174434,-23.16224,-1.3293364,2.0674207,-11.078617,-20.456543,1.5683233,-6.666393,disgust,d06 (6).wav
-333.67545,72.900406,-31.806562,11.139261,-25.508066,-1.9266287,-34.093227,-5.604285,-11.463459,-25.00659,-17.424137,-9.65061,-22.219854,anger,a03 (1).wav
-300.28598,89.68623,-21.36974,23.218573,-5.5410066,0.73633707,-23.776909,2.5506184,-17.385805,-21.483494,-6.2057757,-14.170842,-14.040766,anger,a06 (5)b.wav
-330.1137,111.57407,-22.717268,21.652132,2.3132472,-7.3533998,-23.240244,11.404962,-9.590282,-16.431704,-5.2176228,-1.3510877,-11.533051,anger,a05 (5).wav
-308.61795,104.94114,-24.929773,27.263735,8.186709,0.93123,-9.95596,-4.373115,-15.420754,-6.265281,-4.458585,1.935614,-4.5614743,disgust,d08 (5).wav
-297.3777,91.80007,-22.030136,11.506603,-14.960933,-3.236243,-25.366854,-14.517642,-21.015963,-26.415224,-22.369858,-13.425582,-13.3733425,disgust,d04 (2).wav
-380.92825,82.8916,-5.246899,4.2795997,3.5890238,10.842687,-18.924185,-1.8945588,0.26006338,-10.093237,-15.1609335,-1.0032526,-5.8954706,disgust,d19 (6).wav
-277.08737,84.39027,-27.959597,24.57056,-36.54263,1.0702578,-22.728167,-14.59354,-6.1655025,-13.473342,-24.369333,-12.726968,-14.673622,happiness,h18 (4).wav
-327.17603,83.32716,-15.029556,25.07378,-4.500449,3.302718,-20.245226,-2.2648077,-14.144743,-21.707382,-11.317551,-9.25798,-16.194536,sadness,s03 (5).wav
-325.69998,93.14024,-3.8736422,12.55395,-6.2693753,5.4238286,-24.043886,-13.363872,-22.792038,-25.071186,-21.687746,-15.52525,-11.5909395,disgust,d17 (2).wav
-303.0674,87.39787,-22.541206,53.454544,6.4505577,27.849127,1.0099115,-2.6932185,6.387835,-1.5816342,-6.7704015,-6.8789883,-6.8573875,sadness,s11 (4).wav
-278.91708,93.55867,-32.98606,18.705154,-8.95888,-8.339325,-22.317595,-2.2046115,-3.663814,-11.444861,-4.7734923,-4.0194993,-6.963421,anger,a16 (5).wav
-315.84973,124.04064,-18.525064,23.015163,-8.900719,16.657211,-18.016973,-15.914876,1.3449494,-2.910501,-19.673723,-19.098434,-10.350514,anger,a09 (3).wav
-323.81274,88.93717,-34.665497,20.77918,-26.280737,3.9332924,-17.662685,-15.217387,-16.197987,-9.1785755,-20.095848,-15.608954,-12.804228,disgust,d20 (4).wav
-329.8788,114.37306,15.419128,41.483017,2.872051,29.643606,-4.402626,5.40714,12.310813,-3.4347973,-7.589496,-5.682273,-0.50692445,sadness,s05 (4).wav
-304.80502,103.765816,-6.118834,13.286927,-13.447554,-2.7081091,-36.658726,7.5284963,-11.320439,-25.657734,-5.2019005,-8.720468,-18.837345,fear,f19 (1).wav
-443.46664,83.26735,13.810447,13.18214,9.743523,13.723153,-4.2080045,7.692724,9.699451,-3.6717339,-0.0062168897,7.5397854,2.3629663,sadness,s06 (6).wav
-264.62152,92.11471,-36.401463,20.663782,-6.57854,2.233656,-28.227837,0.114215836,-14.077672,-13.818808,-17.348993,-17.178085,-14.044259,disgust,d10 (1).wav
-302.94696,83.716255,-6.5070553,28.03643,-19.417936,11.525274,-8.216893,-7.3984256,-15.442373,-10.347819,-23.492529,-20.758863,-13.95175,happiness,h17 (3).wav
-332.6424,111.17618,-8.788001,42.77952,-4.235785,29.762384,-7.327097,0.06748926,9.211707,-3.189275,-6.7804537,-1.6483645,-7.272954,sadness,s08 (4).wav
-314.2706,82.07507,-56.686405,8.31746,-12.164254,-4.0806465,-20.944288,3.8183532,-12.641149,-14.24721,-4.437961,2.9196227,-2.231485,anger,a07 (5).wav
-328.83612,138.03853,15.185118,21.561802,-4.10223,-10.777346,-10.6494665,-8.798893,0.27993533,-2.7319922,-12.1774025,-19.44608,-21.164452,sadness,s13 (2).wav
-469.58438,51.85352,5.906288,13.833354,8.607853,13.586226,-3.9971478,7.645421,5.564561,-1.0423001,2.8795373,7.3025584,2.5381014,sadness,s07 (6).wav
-275.67834,94.08006,-43.2518,15.702495,-2.5071707,-2.6181953,-16.0275,-18.256306,-22.546307,1.656239,-7.114407,8.195311,4.6834006,disgust,d14 (5).wav
-448.26755,78.14397,4.8142986,8.850049,11.020559,13.948889,-13.173203,1.2309833,7.451688,-4.210689,-6.902759,6.27884,-1.3076409,happiness,h05 (6).wav
-319.6747,91.917885,-14.51521,10.686339,0.07855752,11.144868,-12.927971,4.4497676,-10.772191,-7.9053926,-8.621136,0.37447318,-3.4724731,fear,f07 (5).wav
-307.14844,80.30427,-2.7825806,31.537178,-10.23045,16.682323,-30.90052,-7.1434326,-11.922186,-24.820545,-33.005634,-20.182898,-23.239367,fear,f20 (2).wav
-324.41895,98.827446,-56.79757,-9.981487,-12.693622,-11.937848,-33.93348,-12.9605465,-17.522728,-24.995955,-18.471432,-7.2108917,-17.648678,happiness,h06 (5).wav
-314.71637,80.97202,-27.852385,11.278345,-22.182384,-4.052181,-26.268938,-8.936617,-12.752223,-24.52226,-18.282724,-9.4084,-21.425236,fear,f03 (1).wav
-324.6338,85.23025,-14.791568,32.390205,-9.85215,10.778981,-9.684554,-16.07063,-14.956063,-17.331703,-18.605614,-14.673439,-13.556759,disgust,d16 (4).wav
-322.03024,99.978195,-34.859497,10.481912,-0.50237185,-6.6971507,-17.59407,7.3867946,-10.478507,-14.569497,-9.105253,-2.5301208,-14.13718,anger,a01 (5).wav
-289.57706,61.371796,-22.696878,33.36646,-18.20238,11.46651,-11.647118,-11.05115,-16.112661,-13.67506,-19.269361,-14.06331,-17.837965,fear,f03 (3).wav
-268.06934,102.24609,-15.002079,25.039513,-9.677045,9.268852,-22.302515,0.9768091,-17.654074,-27.442184,-16.735746,-19.230268,-20.440523,sadness,s15 (2).wav
-313.09262,116.25561,0.9243465,26.32588,11.147513,2.7392664,-20.458601,0.96881944,-8.389568,-19.885042,-10.206948,-12.147765,-14.896831,sadness,s09 (5).wav
-373.47552,124.98864,-18.1873,23.304855,-17.705708,3.5741806,-2.1567998,-15.716359,-3.9642007,-4.5263953,-22.96563,-5.3645625,3.9760776,happiness,h12 (3).wav
-282.58203,95.116264,-24.846441,25.540655,-24.575188,6.771631,-21.57144,-8.519273,-13.080278,-4.4237623,-21.114428,-9.972419,-18.919617,anger,a17 (4).wav
-295.3029,100.45514,-20.498686,17.790882,-17.669897,1.5008855,-26.572834,-1.1193975,-15.23593,-24.021812,-18.157633,-12.198893,-14.232162,disgust,d18 (1).wav
-316.05075,100.15055,-28.217218,8.785045,-16.685837,3.5606554,-18.821856,-20.423025,-15.902704,-12.873922,-22.387056,-12.3661785,-7.158417,happiness,h15 (3).wav
-276.92252,129.9605,-22.105118,21.592615,-3.063568,0.42018583,-21.172174,0.8970994,-16.684374,-21.219616,-11.1582775,-11.628685,-9.39859,sadness,s12 (1).wav
-304.95117,95.22066,1.4795566,19.94392,-10.620897,4.8609066,-22.25661,-2.8982227,-19.78125,-15.657139,-11.509986,-19.084057,-16.480267,sadness,s16 (2).wav
-366.25067,63.78641,-8.411926,8.947585,2.4834228,9.261242,-18.089151,-4.0790644,-0.27350593,-9.055108,-14.151024,0.23711532,-7.4598465,disgust,d15 (6).wav
-321.43823,73.30721,-19.949665,12.546314,-26.15108,7.4361944,-17.69491,-15.876268,-20.481651,-18.986706,-21.12293,-18.783009,-13.207455,fear,f20 (3).wav
-347.143,85.89511,-7.674966,7.7023406,11.0868225,11.347889,-19.576748,1.939056,-0.120408624,-11.867251,-12.487169,3.5181165,-7.7662067,disgust,d08 (6).wav
-339.36682,80.041,-22.17309,5.739804,-29.148682,-8.290291,-29.634933,-11.447429,-11.812755,-22.032036,-25.122393,-17.327257,-13.593463,anger,a17 (2).wav
-326.81277,96.21493,-14.556365,15.978512,-17.457233,14.710202,-16.389503,-20.886238,-10.225081,-13.659618,-18.93283,-18.676052,-13.09915,fear,f09 (3).wav
-336.55334,102.17032,-17.54651,2.7726483,-8.823061,-13.141747,-22.60289,-10.076364,-16.1571,-19.820835,-16.412445,-17.307333,-17.715324,disgust,d16 (2).wav
-282.83737,78.95572,-29.81346,29.833103,-11.241598,-1.9449333,-27.326973,2.3836157,-5.96013,-20.291029,-10.990057,-10.884855,-22.410732,anger,a11 (1).wav
-280.18277,85.228615,-46.696148,-0.74494404,-27.857134,-19.184542,-51.667763,-16.044527,-25.375494,-26.31032,-28.719896,-14.319395,-24.949308,happiness,h08 (2).wav
-331.1865,88.12633,-44.71504,16.028362,-4.1320457,-4.094169,-18.129333,2.5657084,-9.465047,-13.6734495,-6.9901614,-1.0672836,-9.639988,anger,a08 (5).wav
-266.78424,130.62782,-17.038275,19.090534,-23.494196,6.1421223,-14.688367,-11.454173,-5.3815265,-8.811885,-16.565413,-11.723266,-0.53729934,anger,a06 (3).wav
-235.483,93.63562,-39.033794,26.34195,-14.895465,-4.1248336,-37.80344,-6.5902524,-17.847775,-18.61992,-17.351955,-11.913607,-20.486403,happiness,h10 (1).wav
-305.68234,102.41156,-36.428032,-6.7275534,-24.88338,-10.652511,-39.863403,-23.353317,-25.313921,-41.05005,-35.914757,-18.80579,-21.27886,fear,f05 (2).wav
-313.49493,92.943344,-14.032958,20.847017,-20.622828,9.23655,-21.883913,-11.285833,-14.640863,-29.451933,-27.96781,-15.561926,-18.288908,fear,f15 (2).wav
-292.0036,101.02351,-35.539024,3.747574,-9.266591,-2.818276,-8.031024,-4.4854465,-17.252415,-5.0855722,-11.750343,6.790353,-3.2140896,disgust,d13 (5).wav
-335.6434,94.296555,-15.644056,16.80925,-11.356082,4.3239493,-16.03215,2.8815322,-8.755756,-15.378396,-8.711519,-4.6343827,-10.471596,disgust,d03 (01).wav
-284.2413,112.52802,-19.250736,21.80839,-14.94445,2.631218,-18.153582,-9.889453,-5.936374,-10.842658,-21.497452,-11.125276,-19.476564,anger,a05 (4).wav
-301.0843,94.47109,-12.266276,24.104734,-10.500084,1.2276529,-22.818356,0.85884506,-11.475785,-21.48798,-15.037034,-12.994171,-17.884096,sadness,s08 (2).wav
-370.48438,97.17621,-1.5008708,47.61523,13.836005,19.157782,-10.286677,-3.7131994,7.424931,-2.6275947,-1.6703382,-4.8965707,-9.16239,sadness,s04 (4).wav
-375.55466,72.568306,-3.6175256,6.624318,3.2543778,7.9876437,-18.79094,-0.40614036,1.9715011,-9.363587,-12.927905,0.09371232,-6.1115823,disgust,d18 (6).wav
-279.63428,79.65413,-24.409153,15.794407,-16.830492,-0.19142841,-38.609524,-8.688854,-13.721539,-24.979853,-13.315981,-13.214636,-24.100407,sadness,s02 (1).wav
-308.3663,74.88798,-26.288637,25.467594,-28.34622,3.4354122,-16.907072,-13.570343,-9.551588,-8.034276,-15.849821,-17.36161,-11.243235,happiness,h03 (4).wav
-320.695,89.24858,-35.33326,16.43497,-4.7130804,-3.181143,-31.9518,-1.9791269,-26.177233,-23.169092,-12.947278,-13.236388,-14.554308,fear,f08 (5).wav
-252.93135,99.733505,-41.110756,5.0776157,-8.989673,-5.3198256,-38.96312,-21.144785,-16.072317,-24.042543,-30.59899,-7.4369593,-28.205725,happiness,h10 (2).wav
-299.36783,119.18572,-32.723938,21.463243,6.439306,-0.5441246,-16.853813,2.6527913,-6.7702155,-16.882296,-9.322291,-0.91304994,-1.6060979,happiness,h05 (5).wav
-315.93845,149.77365,-12.140437,38.344395,5.0102925,11.093534,11.021363,-1.8742768,-10.263443,-5.0539823,-9.752713,-8.481105,0.071976714,sadness,s03 (3).wav
-379.2612,72.330734,-26.200994,25.63955,2.9509163,0.5334326,-9.775981,-10.888649,-7.7169642,-2.193763,-1.7715943,1.6882242,-1.3269484,disgust,d03 (5).wav
-317.78577,79.59302,-23.197012,25.411566,-21.470942,0.9220071,-16.608616,1.5278003,-2.6676753,-12.54794,-11.386697,-3.2866704,-12.794336,anger,a11 (2).wav
-266.4019,106.866135,-37.959137,-0.6363228,-12.307304,-8.991671,-34.948715,-5.2503586,-10.23808,-21.999868,-18.054731,-3.5305035,-22.378632,happiness,h19 (2).wav
-271.0233,101.95864,-22.453842,24.36442,-2.6129656,11.915884,-29.282831,-1.7020876,-8.300066,-20.98567,-12.856411,-11.882116,-13.855315,disgust,d02 (1).wav
-287.6534,100.52316,-12.916676,28.134737,-10.125765,6.037971,-17.04903,7.7262583,-17.991348,-18.647161,-13.2670965,-12.24446,-13.693006,sadness,s18 (2).wav
-269.0249,88.8786,-17.493486,20.414188,-22.651323,3.983363,-33.72617,1.6379452,-17.802439,-16.27481,-4.0220923,-10.547308,-18.753065,sadness,s07 (1).wav
-276.00833,76.405685,-29.69163,42.83893,-20.755869,12.263333,-17.579676,-4.9542136,-9.590449,-5.8530426,-21.19053,-6.563565,-13.851996,anger,a11 (4).wav
-288.308,92.55885,-23.828737,34.543163,-15.642888,16.247927,-9.151205,-8.004391,-10.928453,-9.3089485,-13.494648,-12.788594,-4.545677,anger,a03 (3).wav
-312.91415,132.51984,-1.9583074,13.876904,-4.389089,10.354823,-3.7423773,0.37724942,-3.6245897,-5.168572,-7.552241,-7.469109,-0.2525098,disgust,d06 (3).wav
-272.48837,94.05963,-42.628525,13.9375925,-27.344358,5.70134,-16.911814,-10.23615,-10.420049,-9.062521,-17.018774,-3.003981,-16.942062,anger,a07 (4).wav
-329.62173,95.77044,-2.4348803,53.712822,4.912097,34.76981,-7.782481,2.5296662,5.3807607,1.5129113,-5.470937,-2.0797603,-7.9972167,sadness,s02 (4).wav
-311.57718,81.16266,-31.813488,24.748865,-3.2060173,5.1620393,-11.6029825,3.454317,-2.0231338,-5.724045,-6.0246887,1.9024744,-7.1823425,happiness,h03 (5).wav
-330.33624,68.910866,-38.085224,38.55325,-18.325386,-1.2401583,-11.272684,-7.254976,-9.447363,-12.746767,-27.772602,-17.408806,-16.8479,disgust,d11 (4).wav
-375.2534,92.500885,16.722921,20.03596,-4.5914874,6.942227,-14.61283,-20.821459,-16.670298,-19.604553,-12.832438,-6.589449,-7.0179377,disgust,d16 (3).wav
-275.00293,112.25064,-25.944902,19.842552,-18.541794,12.721823,-21.290012,-15.195278,-11.423986,-8.1538,-16.356882,-10.702051,-18.701263,anger,a09 (4).wav
-370.0033,64.13004,3.6461194,13.677923,-3.696,6.70624,-11.945576,0.1295759,0.66881573,-7.4970145,-6.7740126,2.391603,-4.025732,fear,f16 (6).wav
-368.13885,73.68301,2.829542,10.873957,2.8678439,17.888987,-15.50145,-2.6899846,2.5623953,-5.248251,-8.669667,5.226584,-5.791904,fear,f09 (6).wav
-292.0827,91.93722,-10.806634,34.238785,-9.388221,8.748895,-7.5639734,-8.626429,-12.286622,-8.622948,-19.927967,-14.786443,-10.465996,fear,f02 (3).wav
-318.6517,89.260315,-29.637884,23.694227,-23.572384,4.0135784,-16.703054,-11.743938,-12.620397,-8.5718975,-22.297884,-18.54504,-18.650942,happiness,h17 (4).wav
-308.61066,91.258484,-36.614834,15.142952,-30.266867,0.10542554,-23.145985,-21.846308,-17.014774,-15.473449,-23.035378,-19.054493,-12.299123,happiness,h16 (4).wav
-395.34125,100.35043,10.938941,24.136818,-11.117305,6.696703,-3.4833462,-2.0296187,6.741626,-4.110088,-8.546114,-4.482829,-6.0717216,sadness,s20 (4).wav
-269.7972,103.690384,-5.3009944,34.084465,-19.991798,19.289059,-10.842485,-7.3821554,2.301359,-12.777235,-16.770742,-18.161861,-9.428367,fear,f05 (4).wav
-402.92627,83.041756,-0.5218514,7.371978,2.7532938,4.5853086,-20.334602,3.4185493,5.4599204,-10.404964,-14.780663,0.43123087,-3.7414546,disgust,d13 (6).wav
-304.64658,101.828926,-35.326366,7.4856043,-14.519931,2.288591,-27.717567,-12.777996,-15.674007,-24.899128,-14.920628,-12.408458,-11.909987,disgust,d07 (2).wav
-250.72067,75.5204,-27.778133,35.768425,-37.761364,12.692312,-14.890875,-14.411715,-13.608318,-11.649048,-26.56644,-18.303576,-3.3363285,happiness,h07 (3).wav
-345.72128,96.42477,-39.557564,6.2658796,-35.950237,-16.593575,-32.05664,-7.8660107,-3.3218355,-34.143097,-30.545511,-7.505506,-15.026454,happiness,h20 (1).wav
-326.7203,113.247345,-31.351032,23.803001,-31.53567,7.31631,-17.809864,-19.744675,-6.4905596,-12.378328,-23.904636,-16.925142,-10.191402,anger,a18 (3).wav
-317.28763,128.7578,-11.737691,15.415666,6.738533,21.390276,-17.345787,-13.861191,-3.0131354,-11.364357,-21.68031,-9.992394,-2.9907916,happiness,h05 (3).wav
-308.15204,119.90065,-23.716702,-9.39748,-22.811968,-12.084092,-38.187237,-5.687137,-17.04495,-28.550045,-20.697027,-19.472506,-19.21977,anger,a01 (2).wav
-479.2463,68.90894,16.510424,18.58448,12.470758,13.807525,-2.0582342,9.957062,9.45283,-0.29501945,-1.0042932,4.117446,1.355844,sadness,s13 (6).wav
-299.11044,88.44588,-48.08967,0.80202323,-27.309698,-6.5357285,-31.562637,-2.2967489,-11.786568,-11.900424,-5.8561316,-7.7722344,-15.428666,anger,a14 (2).wav
-307.13513,94.07583,-26.399513,25.235514,-18.776596,3.5245194,-11.505439,-12.402154,-12.293525,-17.991693,-23.819855,-12.742393,-12.397379,disgust,d14 (4).wav
-343.68884,106.85774,-35.923847,5.7106595,-0.9142237,-1.9738556,-22.528555,6.9932795,-5.274841,-11.481829,-6.85634,0.1259119,-10.525314,anger,a06 (5).wav
-470.5677,60.135395,9.339562,14.892448,12.335402,15.310066,-2.8829749,6.0579967,6.9698763,0.89289373,0.7499371,3.8728557,3.1301806,sadness,s04 (6).wav
-421.45053,51.965637,3.1920385,19.356024,7.9030256,14.029896,-7.404774,4.096337,3.9666488,-0.87121123,-4.3924527,5.542658,-0.67372096,happiness,h11 (6).wav
-326.04935,86.832016,-18.267443,19.523623,-22.510355,2.650791,-19.87047,-25.425072,-19.250896,-16.88339,-24.865187,-19.903843,-12.826801,happiness,h16 (3).wav
-309.18796,93.243195,-26.68016,14.259136,-29.130154,11.729285,-21.404373,-16.48315,-14.336387,-13.640438,-20.018602,-17.92917,-13.245375,happiness,h01 (4).wav
-299.4424,93.01335,-17.477861,18.409672,-19.87745,-13.436482,-33.309742,-9.850602,-10.091196,-20.823887,-15.570588,-12.429946,-21.834463,anger,a16 (1).wav
-253.74823,77.978065,-16.291962,22.36708,-12.4890375,8.705397,-19.42045,-8.234052,-22.026978,-26.94146,-32.81547,-16.461039,-21.345821,fear,f17 (2).wav
-271.75577,89.60833,-27.581135,15.258072,-27.537586,-2.3948517,-25.782278,-16.643257,-18.947664,-29.915028,-32.43708,-17.299866,-19.490314,fear,f18 (2).wav
-360.35196,90.83851,-27.711555,25.564098,10.140455,0.5016653,-11.813767,-3.8901527,-10.352829,-0.46118835,-5.0229516,5.418089,1.4602097,disgust,d20 (5).wav
-328.22095,57.220398,-32.757385,2.2943366,-35.698456,-9.386067,-28.33904,-13.324129,-10.102578,-21.550255,-22.093348,-9.316883,-22.416153,anger,a03 (2).wav
-273.90436,82.810326,-35.60155,-5.2995677,-36.658142,-17.537281,-36.489864,-8.527725,-18.841322,-34.18072,-34.83173,-15.457937,-20.897013,fear,f13 (2).wav
-326.90918,108.894005,-2.0828001,20.505674,-2.287283,2.4933894,-33.907074,-9.099578,-12.735433,-29.164043,-15.559686,-2.4884865,-10.490628,happiness,h05 (1).wav
-308.75134,115.21043,-31.68284,-19.801407,-21.35664,-7.2824554,-35.504566,-12.334128,-13.425097,-34.4661,-30.894106,-12.077629,-21.737206,fear,f06 (2).wav
-334.06662,73.54325,-50.648556,6.0087337,-2.9828618,-1.7776672,-38.69318,-19.984812,-24.854156,-29.769228,-11.024457,-12.026075,-19.371878,disgust,d08 (1).wav
-320.462,125.80239,-32.96704,7.002996,-6.225805,-17.186611,-40.528347,-3.446414,-12.110425,-36.484688,-10.048804,-11.440972,-19.232426,sadness,s20 (1).wav
-327.9446,156.98146,9.270042,31.295832,-13.067831,15.87821,8.539251,-4.005338,-2.5687375,0.16315855,-14.394338,-11.403691,-7.31838,sadness,s01 (3).wav
-284.0313,91.746254,-6.637053,43.749226,-3.849616,24.53516,-8.329948,2.721186,7.641738,-4.8135366,-8.860312,-2.7574306,-3.9009824,sadness,s18 (4).wav
-312.40054,115.0687,13.462651,43.790543,0.3483586,20.200058,-2.8976948,0.2786202,-0.9325423,-4.0047126,-13.981721,-16.281338,-10.067867,sadness,s04 (3).wav
-336.59894,107.16326,10.709314,5.809075,-12.185595,1.3254235,-27.07025,-7.751932,-9.163349,-19.61911,-18.92669,-15.4034815,-11.855615,fear,f01 (1).wav
-323.9442,100.241234,-2.5590875,24.00129,6.655656,3.228873,-22.093685,10.230392,-7.106127,-19.889313,-7.7689886,-10.411538,-13.834963,sadness,s14 (5).wav
-281.65094,106.36282,-8.043522,21.816092,-0.09432753,5.3922915,-18.36927,-0.15418972,-20.603573,-21.348576,-2.2855828,-9.586892,-8.556804,sadness,s14 (1).wav
-362.36835,58.42636,-9.257448,15.901638,10.268303,12.195465,-14.178638,1.5042926,0.71467817,-7.513942,-15.423957,-0.91361433,-6.532521,disgust,d11 (6).wav
-402.06943,77.05946,-1.8022792,1.7338324,4.3428597,8.996628,-16.067373,0.17877528,5.9041295,-9.6720295,-8.229369,6.2226357,-1.6109784,happiness,h19 (6).wav
-311.65903,133.59795,0.7723098,12.610148,11.587398,5.2955146,-33.442333,17.185246,-13.970766,-25.591736,-11.158977,-19.41326,-8.15578,sadness,s05 (2).wav
-229.2195,93.68077,-35.18389,33.90816,-29.238008,13.496211,-22.7225,-9.069231,-10.270369,-5.7646084,-21.397182,-5.156936,-18.714779,anger,a10 (4).wav
-347.39883,106.448326,-43.11345,8.415257,2.4395137,-0.98287505,-20.536062,0.25507477,-6.7019253,-18.601126,-9.950125,-2.76183,-13.94998,happiness,h19 (5).wav
-315.85852,105.4821,-2.6905305,19.317148,-4.6397986,-4.3320875,-23.136524,10.561601,-4.8471227,-20.80646,-9.146631,-9.6090355,-11.703817,sadness,s13 (5).wav
-291.96695,67.758484,-31.499151,26.770872,-12.331177,0.6340348,-25.621836,-3.911469,-17.364494,-18.764698,-16.424936,-8.6345825,-11.8738165,fear,f02 (5).wav
-305.5633,98.11833,-30.44241,23.684116,-27.191471,-2.725153,-21.782259,-10.387803,-4.8349175,-8.322088,-21.613897,-8.263742,-16.60493,anger,a04 (4).wav
-406.64682,63.340603,3.611998,15.530632,5.673087,12.806522,-4.01241,6.483157,1.2524943,-3.2451007,-2.2034004,7.7399893,-1.9274622,fear,f12 (6).wav
-301.10007,86.37018,-22.552904,12.432843,-17.433733,-8.962871,-31.833761,-7.9001255,-18.463644,-27.065468,-31.349836,-12.876182,-15.767029,happiness,h17 (2).wav
-283.68576,86.587875,-21.054186,7.0917907,-12.084611,-1.412874,-26.880419,-1.2929761,-10.63002,-15.283425,-14.415333,-12.960529,-14.613806,disgust,d07 (1).wav
-297.8218,108.771835,-38.273964,-3.2844405,-14.429053,-0.9968622,-28.800303,-5.0881286,-13.777591,-17.89192,-14.105229,-8.664931,-11.507774,fear,f06 (5).wav
-285.22964,94.59637,-18.998117,16.188572,-13.762471,13.445678,-30.05743,-1.9484599,-18.356771,-24.155226,-17.508255,-12.342035,-16.882036,disgust,d12 (2).wav
-317.5344,76.10026,-58.086887,5.1237187,-10.740591,-15.12796,-34.552143,-11.884071,-15.355944,-25.598043,-20.595877,-12.909397,-19.105206,happiness,h04 (5).wav
-327.07248,124.83846,-23.24187,23.96272,1.612869,23.815828,-18.186176,-16.299059,-4.268541,-7.5504136,-19.828249,-14.454369,-3.4069128,happiness,h09 (3).wav
-335.88846,136.1336,12.263494,33.19073,0.9173114,19.54316,-8.302653,0.7996046,1.2332325,-8.128791,-9.135509,-11.799993,-7.9535537,sadness,s02 (3).wav
-394.12656,66.110115,2.1263077,14.960914,2.8759408,12.603569,-13.86086,0.09939628,0.23375502,-5.2857776,-8.4542055,-0.8415251,-7.0311255,fear,f17 (6).wav
-270.80392,98.678955,-31.002712,20.232578,-18.680922,-2.1381004,-19.552418,5.700044,-19.66557,-17.28128,-3.9920075,-7.9081216,-11.368092,fear,f12 (01).wav
-330.2531,120.81406,4.0288897,37.233635,-5.5038815,13.203369,10.917914,-14.390613,-17.906317,-7.800371,-15.503835,-8.986729,4.026694,disgust,d02 (3).wav
-324.49506,92.93083,-15.687852,30.862394,-15.227826,11.3348875,-18.253113,-10.7231455,-7.30656,-17.390041,-18.508928,-15.730699,-13.720726,anger,a17 (3).wav
-285.02194,84.57796,-31.246084,27.34064,-29.267214,8.116545,-15.131174,-17.70446,-13.44744,-7.53405,-19.216164,-20.8514,-10.96999,happiness,h02 (4).wav
-282.15097,106.55793,-36.55904,19.409994,-22.531134,1.5872842,-24.612154,-18.740368,-7.876542,-14.072771,-20.135527,-12.71591,-7.72431,anger,a15 (3).wav
-329.65393,88.38112,-12.512419,21.40452,-14.439349,-10.177382,-29.01541,-5.7448883,-13.664827,-19.881092,-21.968775,-16.255426,-20.583668,happiness,h17 (1).wav
-320.56766,104.42799,-23.124079,21.170704,1.0820452,9.958785,-18.184767,-2.6585982,-10.338288,-9.136599,-6.177589,1.6762363,-6.3312645,fear,f15 (5).wav
-339.8306,86.13614,-14.778817,5.4422526,-18.348558,-6.8881364,-23.458763,-12.468824,-19.218748,-27.902107,-17.96924,-7.5352945,-19.934992,disgust,d16 (1).wav
-252.29019,95.21772,-12.953368,26.523895,-32.590614,4.2104764,-16.468433,-11.357848,-8.592188,-14.715054,-26.612095,-15.182672,-16.086409,happiness,h18 (3).wav
-306.6572,121.96518,-11.441355,12.8003435,-3.3196084,3.6389081,-20.126022,-7.995416,-13.277657,-20.065779,-13.816722,-10.217519,-13.52949,disgust,d01 (1).wav
-289.17215,85.946724,-44.359547,21.990335,-36.15507,-5.488706,-28.33709,-20.760555,-11.523996,-14.361227,-20.839079,-22.341995,-17.31074,anger,a04 (3).wav
-357.21085,81.96702,-44.6277,14.213215,-9.680835,5.502525,-11.742521,-2.0605567,-3.9840803,-7.3475285,-11.35806,-1.2091705,-5.921447,anger,a12 (5).wav
-260.8956,95.87769,-29.986685,24.412191,-28.703512,6.0642457,-26.227959,-12.482735,-9.571592,-8.065681,-24.33969,-6.4499726,-13.472678,anger,a18 (4).wav
-279.6268,109.149086,-22.466711,16.62913,1.5552093,0.62794703,-29.468836,-0.96166843,-17.335299,-25.600342,-16.997341,-11.349758,-9.137225,fear,f05 (5).wav
-260.48544,94.64106,-37.84531,6.6462464,-32.899025,-5.108646,-36.4133,-9.082713,-15.220179,-31.384043,-24.881418,-11.855515,-18.99147,happiness,h13 (2).wav
-393.1543,57.472733,3.103539,13.9854965,3.8136678,9.038256,-13.393505,2.6103675,2.2272723,-1.8948942,-5.962601,-1.374747,-4.4514213,anger,a17 (6).wav
