0,"[array([8.6569980e-06, 2.6467026e-04, 4.3170238e-04, ..., 9.5435579e-09,
       2.1403965e-09, 3.9815323e-19], dtype=float32), array([ 1.4927671e-03,  9.5764943e-04,  5.3145579e-04, ...,
       -9.5775010e-07, -3.9796370e-07, -2.7966860e-19], dtype=float32), array([3.1424977e-06, 3.3283527e-06, 5.7561107e-07, ..., 8.2464139e-05,
       8.1220249e-05, 8.5001884e-05], dtype=float32), array([ 2.0336307e-04,  2.1772040e-04,  2.1882493e-04, ...,
       -1.6823201e-06, -9.0124217e-07, -0.0000000e+00], dtype=float32), array([-0.00047631, -0.00047631, -0.00053982, ..., -0.00050806,
       -0.00050806, -0.00047631], dtype=float32), array([-0.00021994, -0.00020146, -0.00020528, ..., -0.00379539,
       -0.0041312 , -0.00453377], dtype=float32), array([-3.4074117e-05, -4.2108459e-05, -4.7961268e-05, ...,
       -5.6083733e-04, -5.8898237e-04, -6.2670262e-04], dtype=float32), array([ 2.3861427e-04,  2.8014329e-04,  3.1099250e-04, ...,
       -4.4499146e-07, -2.2294297e-07, -2.5185111e-19], dtype=float32), array([ 2.3202662e-04,  3.0530916e-04,  3.7556785e-04, ...,
        7.2127943e-07,  2.9794660e-07, -2.5081747e-19], dtype=float32), array([2.1089341e-03, 1.7774991e-03, 1.8859704e-03, ..., 9.9724116e-07,
       7.6446429e-07, 5.4299072e-19], dtype=float32), array([-3.8828344e-19, -2.6973790e-05,  4.3158064e-04, ...,
       -2.6973790e-05,  2.6973790e-05, -3.3654805e-19], dtype=float32), array([ 0.00017774,  0.00014615,  0.00017726, ..., -0.00077176,
       -0.00076199, -0.00076473], dtype=float32), array([ 1.0253714e-05,  1.3466879e-05,  1.9837273e-05, ...,
       -2.6558723e-06, -1.1434093e-06, -2.3683034e-19], dtype=float32), array([-3.4833420e-02,  6.5365499e-03,  3.7488449e-02, ...,
        3.5672335e-07,  1.9285116e-07, -3.0294627e-19], dtype=float32), array([1.5188629e-03, 2.1785379e-03, 1.9007629e-03, ..., 4.0070759e-06,
       1.7690020e-06, 0.0000000e+00], dtype=float32), array([ 2.3165153e-04,  6.9135094e-05, -2.7827618e-05, ...,
       -2.4580347e-06, -1.8818513e-06, -0.0000000e+00], dtype=float32), array([-3.4425440e-04, -3.6720466e-04, -3.6720466e-04, ...,
        8.0101754e-20, -3.8993783e-21, -8.1886118e-20], dtype=float32), array([-0.00511622, -0.00510943, -0.00509942, ...,  0.00391829,
        0.00354481,  0.00354147], dtype=float32), array([ 6.9155259e-04,  5.5726501e-04,  2.5848998e-04, ...,
       -1.2415032e-07, -2.1384506e-07,  2.1109904e-19], dtype=float32), array([-2.1383425e-03, -3.7763664e-03, -4.5878682e-03, ...,
       -1.1223475e-07,  1.4501592e-07,  7.7017275e-20], dtype=float32), array([ 1.1520114e-03,  1.0065878e-03,  9.1924460e-04, ...,
       -8.8960218e-07, -4.4564175e-07,  1.0058572e-19], dtype=float32), array([ 1.1693697e-03,  1.3745485e-03,  1.6243862e-03, ...,
       -2.3223313e-06, -1.1803164e-06, -9.6797554e-20], dtype=float32), array([-8.6942199e-04,  3.5111604e-20,  8.6942199e-04, ...,
       -1.7831521e-20,  2.9323418e-19, -7.3908374e-20], dtype=float32), array([0.00160921, 0.00158727, 0.00161874, ..., 0.00172436, 0.00240147,
       0.00255263], dtype=float32), array([ 9.71888076e-05,  1.04584906e-04,  7.75178196e-05, ...,
       -1.89312391e-06, -1.35376024e-06, -2.55417285e-06], dtype=float32), array([-1.7527059e-04, -2.8158186e-04, -3.5211584e-04, ...,
       -4.9759183e-07, -2.9600781e-07, -2.3995897e-19], dtype=float32), array([-1.3954734e-03, -1.1620235e-03, -1.0901740e-03, ...,
       -1.2296455e-06, -5.2180945e-07, -0.0000000e+00], dtype=float32), array([ 8.4947424e-05, -4.9359092e-05, -2.1460674e-04, ...,
       -8.3240423e-07, -2.6311656e-07, -0.0000000e+00], dtype=float32), array([5.7727005e-04, 5.4300008e-19, 4.6753163e-19, ..., 5.4119067e-04,
       5.4119067e-04, 5.7727005e-04], dtype=float32), array([-0.00316346, -0.00317144, -0.00317991, ..., -0.00019324,
       -0.00116873, -0.00133109], dtype=float32), array([-5.7750265e-04, -5.5032596e-04, -5.0813495e-04, ...,
        2.1507464e-07,  1.0321290e-07,  0.0000000e+00], dtype=float32), array([-3.5181839e-03, -3.4849718e-03, -3.3319986e-03, ...,
        1.5155554e-06,  6.8623075e-07,  5.6736354e-19], dtype=float32), array([9.4991276e-04, 9.7963575e-04, 1.0042046e-03, ..., 4.1047765e-06,
       2.3751886e-06, 2.3831722e-19], dtype=float32), array([4.4977362e-05, 2.6387444e-05, 1.8903409e-05, ..., 3.9765871e-07,
       2.2617394e-07, 0.0000000e+00], dtype=float32), array([-3.6881637e-04,  2.4260269e-19,  7.8680826e-04, ...,
        2.4587758e-05,  4.5974340e-20,  2.4587758e-05], dtype=float32), array([-0.00039888, -0.0005822 , -0.00069332, ...,  0.00149451,
        0.00138868,  0.00119563], dtype=float32), array([ 0.00195992,  0.00198889,  0.00192952, ..., -0.00124145,
       -0.00124383, -0.00122797], dtype=float32), array([ 5.5324729e-04,  4.9110246e-04,  3.1791427e-04, ...,
        1.0272023e-06,  5.2490230e-07, -2.7679673e-19], dtype=float32), array([ 5.9111586e-05,  7.2488248e-05, -7.7157843e-08, ...,
       -1.6108670e-07, -1.1942458e-07, -2.4508927e-19], dtype=float32), array([-1.0930749e-03, -1.0650210e-03, -1.0384221e-03, ...,
        3.0249815e-08,  2.2179391e-08, -1.3441783e-19], dtype=float32), array([ 1.00193894e-04,  8.70022777e-05,  7.26054132e-05, ...,
        1.85962721e-11, -5.71350155e-11,  5.62202868e-19], dtype=float32), array([0.00102343, 0.00134326, 0.00102343, ..., 0.00134326, 0.00102343,
       0.00066097], dtype=float32), array([-0.00027955, -0.00028729, -0.00026619, ..., -0.00179195,
       -0.00180352, -0.00178456], dtype=float32), array([ 2.7310362e-04,  2.7310362e-04,  2.9131051e-04, ...,
        1.5578424e-06,  8.5054614e-07, -1.7581200e-19], dtype=float32), array([ 2.1925853e-01,  2.2388543e-01,  2.2682577e-01, ...,
       -1.2166893e-06, -5.7109384e-07,  1.9044853e-19], dtype=float32), array([-4.0412063e-04, -2.3404333e-04,  1.1550415e-05, ...,
        2.7815406e-07,  2.4029324e-08,  8.1320824e-20], dtype=float32), array([-9.7062741e-04, -1.1331497e-03, -1.2635752e-03, ...,
       -1.0707101e-07, -5.3113567e-08, -4.7604906e-19], dtype=float32), array([-0.0004883, -0.0004883, -0.0004883, ...,  0.       ,  0.       ,
        0.       ], dtype=float32), array([-0.00082982, -0.00084722, -0.00082266, ..., -0.00345373,
       -0.00343513, -0.00343704], dtype=float32), array([-1.8006841e-04, -1.7830636e-04, -1.7346311e-04, ...,
        4.2541041e-07,  2.2034543e-07, -4.9051432e-20], dtype=float32), array([5.9280550e-04, 5.6922238e-04, 5.9589621e-04, ..., 1.0253116e-06,
       4.9812360e-07, 4.8001591e-19], dtype=float32), array([ 2.0714686e-03,  2.0431625e-03,  2.0146535e-03, ...,
       -7.3767961e-07, -4.2641625e-07, -1.9982276e-19], dtype=float32), array([-2.2207741e-03, -2.2965695e-03, -2.3718267e-03, ...,
       -1.3582742e-06, -6.6603900e-07, -4.8405689e-19], dtype=float32), array([-2.8264126e-19, -5.7232316e-19, -3.9864359e-19, ...,
       -3.6372247e-05,  1.3347526e-19,  4.1936206e-19], dtype=float32), array([-0.00066721, -0.00061917, -0.00070107, ...,  0.00073934,
       -0.00041521, -0.00503778], dtype=float32), array([-1.3406150e-04, -1.0697569e-05,  8.9339650e-05, ...,
        2.2238691e-03,  2.7819835e-03,  2.9622684e-03], dtype=float32), array([-5.9180637e-04, -6.2418205e-04,  3.8895113e-03, ...,
       -2.9060908e-07,  7.7852796e-08,  5.5391452e-19], dtype=float32), array([-1.06399595e-04, -1.52615015e-04, -7.22374476e-04, ...,
       -9.62635227e-07, -6.34776029e-07, -5.29233387e-20], dtype=float32), array([ 1.0093973e-03,  1.0640182e-03,  1.2574286e-03, ...,
        8.6115044e-08, -2.9769873e-07,  8.0265264e-20], dtype=float32), array([-1.7682791e-03, -1.7682791e-03, -1.8253203e-03, ...,
       -8.5240662e-19,  3.2290430e-19, -6.9529307e-19], dtype=float32), array([-0.00235641, -0.00235903, -0.0023303 , ...,  0.00161982,
        0.00153923,  0.00156724], dtype=float32), array([ 0.00104623, -0.00020109, -0.00087005, ...,  0.05492592,
       -0.00044257, -0.04265247], dtype=float32), array([ 0.00014304, -0.0001294 , -0.0002115 , ...,  0.00027283,
       -0.00016165, -0.00055499], dtype=float32), array([ 2.3226922e-03,  7.2757096e-04, -1.9023167e-03, ...,
        1.4734425e-07,  3.2100118e-08,  3.4856106e-19], dtype=float32), array([1.6046035e-06, 2.4239018e-05, 3.6509547e-05, ..., 6.4478564e-07,
       3.9605402e-07, 0.0000000e+00], dtype=float32), array([ 2.0917745e-03,  2.0917745e-03,  2.0264066e-03, ...,
        6.5367953e-05, -6.5367953e-05, -7.6103337e-20], dtype=float32), array([ 0.00032604,  0.00033188,  0.00032735, ..., -0.0130446 ,
       -0.01357102, -0.01350629], dtype=float32), array([-1.1204827e-03, -1.1080031e-03, -1.0857772e-03, ...,
       -1.4026803e-06, -9.6188603e-07, -2.3051476e-19], dtype=float32), array([ 1.4064401e-01,  1.5733701e-01,  1.6785991e-01, ...,
        1.3340981e-08,  5.6661871e-09, -3.9248976e-19], dtype=float32), array([ 2.8354727e-04,  2.5363811e-04,  2.3011302e-04, ...,
       -4.2415920e-07, -1.5017493e-07, -0.0000000e+00], dtype=float32), array([1.7256232e-04, 1.8616520e-04, 1.8938068e-04, ..., 3.8495693e-07,
       1.1200252e-07, 0.0000000e+00], dtype=float32), array([-1.7221166e-03, -1.2847537e-03, -1.2847537e-03, ...,
       -2.6097174e-19, -3.3017674e-19,  2.3182476e-19], dtype=float32), array([ 0.00024378,  0.00024509,  0.00022626, ..., -0.00227642,
       -0.00250947, -0.00182903], dtype=float32), array([1.2695599e-04, 1.0541506e-04, 8.4684318e-05, ..., 7.6318187e-08,
       4.8793037e-08, 3.4427451e-19], dtype=float32), array([-6.1235260e-05, -1.2559991e-04, -8.6768581e-05, ...,
       -1.4490064e-07, -7.7504467e-08,  6.6699386e-20], dtype=float32), array([-1.0409937e-03, -1.1188006e-03, -1.1783056e-03, ...,
        1.0425503e-06,  3.1219022e-07,  3.8255064e-19], dtype=float32), array([-1.0692641e-05, -6.7411220e-06, -8.0284590e-06, ...,
        3.2893561e-07,  1.5379892e-07,  0.0000000e+00], dtype=float32), array([2.5823152e-19, 6.2380130e-19, 4.1659589e-19, ..., 1.4200909e-19,
       4.1845768e-05, 4.1845768e-05], dtype=float32), array([ 0.00414801,  0.00414002,  0.00413501, ..., -0.00445366,
       -0.00430787, -0.00396526], dtype=float32), array([ 1.2937740e-04,  8.2967117e-06, -1.3036176e-04, ...,
       -6.7495210e-07, -2.5342723e-07,  4.1372175e-19], dtype=float32), array([-1.9808351e-03, -2.4872571e-03, -2.8704847e-03, ...,
        8.9383133e-07,  4.5094964e-07,  3.2210643e-19], dtype=float32), array([-1.9680848e-03, -1.7754840e-03, -1.5542590e-03, ...,
       -6.0913902e-07, -3.4008670e-07,  5.3937222e-19], dtype=float32), array([-4.0124918e-04, -4.4629027e-04, -5.3194852e-04, ...,
       -1.2476298e-07, -1.6493877e-07, -0.0000000e+00], dtype=float32), array([0.        , 0.        , 0.        , ..., 0.00146489, 0.00143437,
       0.00143437], dtype=float32), array([ 0.00260079,  0.00259256,  0.00255859, ..., -0.01011765,
       -0.01015759, -0.01015759], dtype=float32), array([-2.3812914e-04,  8.8689831e-04,  1.7381451e-03, ...,
        6.3394492e-07,  2.8721541e-07, -1.3305924e-19], dtype=float32), array([ 3.4874212e-04, -3.7067226e-04, -7.3406351e-04, ...,
        1.3761871e-06,  6.7995774e-07,  2.4059952e-19], dtype=float32), array([6.0678826e-04, 1.0304803e-03, 9.6674153e-04, ..., 1.3428208e-07,
       3.9267937e-07, 1.7351916e-19], dtype=float32), array([-2.0537407e-05, -3.8949261e-06, -6.4065621e-06, ...,
        1.7348286e-07,  8.1670741e-08,  4.0213481e-19], dtype=float32), array([0.00047904, 0.00051097, 0.00051097, ..., 0.00047904, 0.00051097,
       0.00051097], dtype=float32), array([0.00350952, 0.00334406, 0.00326049, ..., 0.0430789 , 0.04310942,
       0.04311419], dtype=float32), array([-0.00114105, -0.00117497, -0.00120025, ...,  0.00122331,
        0.0010311 ,  0.00062004], dtype=float32), array([ 1.3559376e-04,  1.3053701e-04,  1.3058286e-04, ...,
       -3.1136024e-10,  2.1164635e-10, -2.9467304e-20], dtype=float32), array([-1.9940308e-03, -1.7819713e-03, -1.5568699e-03, ...,
       -6.7293030e-08,  6.6946271e-09,  0.0000000e+00], dtype=float32), array([-8.92050139e-07,  1.06430525e-05, -9.06892183e-06, ...,
        6.74887843e-08, -8.09701817e-08, -0.00000000e+00], dtype=float32), array([-2.1742850e-03, -2.1742850e-03, -2.1742850e-03, ...,
       -1.0888463e-18, -6.7946406e-05, -9.4855179e-19], dtype=float32), array([-0.00629127, -0.0063169 , -0.00630403, ...,  0.01996493,
        0.01981258,  0.01986623], dtype=float32), array([-1.3435046e-04, -8.0883845e-05,  4.6970174e-05, ...,
        1.1448353e-06,  7.9307722e-07,  4.4111733e-19], dtype=float32), array([1.9659854e-03, 1.6813701e-03, 1.9273929e-03, ..., 2.1052290e-06,
       9.9478916e-07, 7.0737888e-20], dtype=float32), array([-0.00017078, -0.0002062 , -0.00022835, ...,  0.00269294,
        0.00273397,  0.00293896], dtype=float32), array([ 8.4707164e-04,  9.5146045e-04,  1.0137444e-03, ...,
       -8.7087614e-07, -5.0725174e-07,  4.4654244e-19], dtype=float32), array([ 1.5438667e-20, -1.9789986e-19, -2.4005371e-19, ...,
       -4.1105417e-19,  3.1868181e-05, -3.6293170e-19], dtype=float32), array([0.00193632, 0.00204647, 0.00204396, ..., 0.00265539, 0.00265169,
       0.00263321], dtype=float32), array([1.22543168e-03, 1.62692682e-03, 1.64682989e-03, ...,
       5.14132026e-08, 1.38948435e-08, 8.89103353e-20], dtype=float32), array([-1.9845059e-04, -8.4847084e-04, -9.9614391e-04, ...,
       -2.3060825e-06, -1.2778981e-06, -2.6438305e-19], dtype=float32), array([ 4.9428933e-04,  3.8319890e-04,  2.9727220e-04, ...,
       -1.1432156e-07, -1.9812654e-07, -2.4730777e-19], dtype=float32), array([-5.1746226e-04, -6.3935312e-04, -6.3635176e-04, ...,
       -6.5640647e-06, -3.2955011e-06,  1.9708427e-19], dtype=float32), array([-0.00112841, -0.00116481, -0.00174721, ...,  0.0005824 ,
        0.0005824 ,  0.0005824 ], dtype=float32), array([0.00754952, 0.00756848, 0.00754535, ..., 0.00284195, 0.00283313,
       0.00291455], dtype=float32), array([ 1.0211035e-04, -1.8662150e-04, -3.9241672e-04, ...,
        3.7658683e-07,  1.7474963e-07,  0.0000000e+00], dtype=float32), array([-9.7886012e-05, -9.6122923e-05, -1.1003924e-04, ...,
       -1.1300629e-06, -5.4545450e-07,  1.9033841e-20], dtype=float32), array([8.77261846e-05, 1.14008246e-04, 2.21378781e-04, ...,
       2.01888110e-06, 9.52918867e-07, 3.15319362e-19], dtype=float32), array([ 3.4002795e-05, -2.1220421e-05, -5.6860456e-05, ...,
       -3.8147215e-07, -1.6108922e-07, -0.0000000e+00], dtype=float32), array([2.4738110e-05, 2.4738110e-05, 2.6816684e-19, ..., 7.9161953e-04,
       7.6688139e-04, 7.9161953e-04], dtype=float32), array([-0.00266814, -0.00266802, -0.00267196, ..., -0.00689328,
       -0.00693762, -0.00696433], dtype=float32), array([ 1.9221845e-04,  3.1431043e-06, -1.9395647e-04, ...,
        1.1445994e-06,  9.2946487e-07,  0.0000000e+00], dtype=float32), array([ 3.1352760e-03,  3.2690337e-03,  3.3842479e-03, ...,
       -9.4932807e-07, -5.9671055e-07, -6.2377499e-19], dtype=float32), array([-2.5472877e-04, -5.5126904e-05,  1.6139359e-04, ...,
       -1.7306847e-07, -1.2318148e-07, -0.0000000e+00], dtype=float32), array([-5.5375538e-05, -6.5673186e-05, -4.4413133e-05, ...,
        2.2488729e-07,  5.8182572e-08,  0.0000000e+00], dtype=float32), array([ 3.1774100e-06,  9.8695537e-06, -1.3286748e-05, ...,
        5.9233326e-04,  5.9233326e-04,  5.7382282e-04], dtype=float32), array([-0.01811004, -0.01811707, -0.01810658, ...,  0.00045037,
        0.00044596,  0.00046504], dtype=float32), array([2.0513705e-03, 2.3048315e-03, 2.5093001e-03, ..., 7.0836518e-07,
       3.0173408e-07, 5.0512105e-19], dtype=float32), array([-1.7263393e-03, -1.5355676e-03, -1.3843320e-03, ...,
       -2.0504685e-07, -5.9025943e-08, -2.1162656e-19], dtype=float32), array([-1.3808648e-05, -8.1753296e-06, -1.1037416e-06, ...,
        4.3383570e-05, -5.2286210e-05, -1.3575298e-04], dtype=float32), array([ 1.4212425e-05,  7.2827143e-06,  1.3913829e-05, ...,
        3.0340007e-07,  9.0048481e-08, -0.0000000e+00], dtype=float32), array([-0.00084766, -0.00079779, -0.00079779, ..., -0.00074793,
       -0.00079779, -0.00079779], dtype=float32), array([ 1.7863199e-19, -8.9833236e-20, -7.3416545e-19, ...,
        2.2507166e-03,  2.2507166e-03,  2.2507166e-03], dtype=float32), array([5.6505203e-05, 1.3589859e-04, 1.3411045e-04, ..., 3.2758713e-04,
       3.2556057e-04, 2.3829937e-04], dtype=float32), array([-5.9616711e-04, -8.7650638e-04, -1.0151049e-03, ...,
       -3.1682421e-06, -1.6221080e-06, -8.5559515e-19], dtype=float32), array([-2.1403725e-03, -2.2241864e-03, -2.2658573e-03, ...,
       -6.1221920e-07, -1.4667596e-07, -3.0925675e-19], dtype=float32), array([ 0.00109869,  0.0011332 ,  0.00122119, ..., -0.00123989,
       -0.00120169, -0.001233  ], dtype=float32), array([-2.5120795e-05, -2.4026604e-05, -2.5768693e-05, ...,
       -1.4522477e-06, -7.3195571e-07, -0.0000000e+00], dtype=float32), array([ 0.00069152,  0.00069152,  0.00069152, ..., -0.00069152,
       -0.0006483 , -0.00069152], dtype=float32), array([-3.9041042e-04, -3.0004978e-04, -2.8121471e-04, ...,
       -6.1988831e-06, -6.4015388e-05, -1.5997887e-04], dtype=float32), array([-5.0986372e-04, -6.0903595e-04, -5.7771587e-04, ...,
        5.6780090e-07,  2.6434387e-07, -4.8653402e-21], dtype=float32), array([ 1.7853374e-05,  2.3457889e-05, -4.1053579e-05, ...,
       -1.2037429e-08, -2.7187117e-09, -7.8653179e-20], dtype=float32), array([-6.4037333e-04, -9.7993726e-04, -1.5214711e-03, ...,
       -5.6871642e-07, -2.8271114e-07, -0.0000000e+00], dtype=float32), array([ 3.0760060e-05,  2.7056019e-05,  3.0500552e-05, ...,
       -9.1398240e-09, -5.5641105e-09,  0.0000000e+00], dtype=float32), array([-3.0070618e-05, -2.0626735e-19,  3.4867508e-19, ...,
        4.8112989e-04, -1.6243088e-19,  4.8112989e-04], dtype=float32), array([-2.2533462e-05, -3.0282113e-19,  1.0135383e-19, ...,
       -3.3800193e-04, -3.6053540e-04, -3.6053540e-04], dtype=float32), array([ 3.5024762e-02,  3.4968138e-02,  3.4922600e-02, ...,
       -1.2290478e-04, -1.9133091e-04,  1.9431114e-05], dtype=float32), array([ 6.0939354e-05,  6.9124326e-05,  1.4105211e-05, ...,
       -3.0734536e-11, -4.9165103e-12, -4.3796256e-19], dtype=float32), array([-1.2775879e-04, -3.4031409e-04,  1.1252087e-04, ...,
        4.4643772e-07,  2.2745546e-07,  4.1948087e-19], dtype=float32), array([-7.5194065e-04, -6.7301310e-04, -5.7202909e-04, ...,
        1.0038571e-06,  4.2471936e-07, -3.5958792e-20], dtype=float32), array([ 2.7460649e-04,  2.2076098e-04,  2.0652551e-04, ...,
       -3.7057174e-07, -1.8852390e-07, -1.2280326e-19], dtype=float32), array([-9.3977328e-04, -9.3977328e-04, -9.3977328e-04, ...,
       -2.5973091e-19, -3.0315268e-05,  4.3782391e-19], dtype=float32), array([-0.0007695 , -0.0007695 , -0.0007695 , ...,  0.00230851,
        0.00226042,  0.00230851], dtype=float32), array([ 2.93254852e-05, -1.28746033e-05, -1.13248825e-05, ...,
       -6.25848770e-05, -3.60012054e-05, -1.08718872e-04], dtype=float32), array([ 1.8049246e-03,  8.7139913e-04,  2.2105183e-05, ...,
       -1.3748546e-06, -7.6698899e-07, -1.2798042e-18], dtype=float32), array([-6.9528557e-03, -7.7283904e-03, -7.9224724e-03, ...,
        2.4218338e-07, -4.2380446e-09,  2.4653717e-19], dtype=float32), array([-3.1636929e-04, -8.4016858e-05,  2.8888415e-05, ...,
       -5.8774049e-07, -5.1896495e-07,  1.2893790e-19], dtype=float32), array([ 2.8070328e-05,  3.6724232e-05,  6.7431167e-05, ...,
       -4.5246227e-07, -2.1655555e-07,  4.3023005e-19], dtype=float32), array([-2.0380737e-03, -2.1038179e-03, -2.1038179e-03, ...,
       -1.3133360e-19,  6.5744309e-05, -2.9207559e-19], dtype=float32), array([-5.9127808e-05, -1.4305115e-06,  1.0216236e-04, ...,
       -7.4267387e-05, -5.8412552e-05, -6.1631203e-05], dtype=float32), array([2.4792904e-04, 3.5611389e-04, 4.3298400e-04, ..., 6.5112170e-07,
       3.0108882e-07, 3.1292064e-19], dtype=float32), array([ 1.3103440e-03,  1.1284587e-03,  1.0201521e-03, ...,
        1.7230871e-08, -7.3402801e-10,  4.9049582e-19], dtype=float32), array([-4.4908003e-19, -5.3481363e-19, -9.1422100e-07, ...,
       -7.7828163e-06, -3.8669341e-06,  1.1806226e-19], dtype=float32), array([-8.6080145e-06, -8.1493654e-06, -7.5232410e-06, ...,
        2.3932188e-07,  1.2229401e-07,  2.4480770e-19], dtype=float32), array([ 1.4924710e-03,  1.4924710e-03,  1.4924710e-03, ...,
       -2.8540086e-19, -2.6250365e-19,  6.0039881e-19], dtype=float32), array([-1.1467934e-04, -8.2969666e-05, -6.4015388e-05, ...,
        7.8320503e-05, -1.0073185e-04, -1.6891956e-04], dtype=float32), array([-3.5748895e-02, -4.0453333e-02, -4.4649541e-02, ...,
        9.3272803e-07,  4.1634905e-07,  4.1047514e-19], dtype=float32), array([-1.7630948e-03, -2.2678338e-03, -2.6550472e-03, ...,
       -6.6792346e-08, -3.2826527e-08,  3.5957990e-20], dtype=float32), array([0.00534907, 0.00593339, 0.00619431, ..., 0.00174726, 0.00147444,
       0.00108872], dtype=float32), array([ 4.1554762e-05, -2.0473321e-06, -5.6156394e-05, ...,
       -1.0129863e-06, -3.9408263e-07, -0.0000000e+00], dtype=float32), array([-5.1592583e-19, -1.6870566e-19, -7.2333853e-05, ...,
       -1.0249485e-18, -1.9244627e-19, -1.1573416e-03], dtype=float32), array([ 0.00021279,  0.00015092,  0.00025392, ..., -0.00044477,
       -0.00030148, -0.00018704], dtype=float32), array([5.7631935e-04, 6.7537645e-04, 6.5269246e-04, ..., 1.1530150e-06,
       6.1731595e-07, 2.2384110e-19], dtype=float32), array([-1.4609856e-03, -1.4056819e-03, -2.0579956e-03, ...,
       -2.5421772e-07, -1.2772701e-07, -2.2385852e-19], dtype=float32), array([ 1.6188351e-05,  1.2593216e-05, -5.4377306e-06, ...,
        1.1863530e-02,  1.2311639e-02,  1.2196950e-02], dtype=float32), array([1.04871418e-04, 1.10339482e-04, 1.51478511e-04, ...,
       1.07670424e-07, 6.04954309e-08, 0.00000000e+00], dtype=float32), array([ 1.2816068e-03,  1.2816068e-03,  1.2816068e-03, ...,
       -4.3325624e-19,  1.2816068e-03,  1.2816068e-03], dtype=float32), array([ 2.1636486e-04,  3.0517578e-05, -1.2207031e-04, ...,
        6.1535835e-04,  5.2571297e-04,  3.8135052e-04], dtype=float32), array([-1.1264582e-03, -1.1288290e-03, -1.1323954e-03, ...,
       -6.6103958e-08, -2.1638405e-08, -4.6337402e-19], dtype=float32), array([ 5.6096921e-03,  5.8764918e-03,  6.1346032e-03, ...,
        1.3055353e-06,  8.3160671e-07, -7.1488690e-20], dtype=float32), array([ 2.4037936e-05, -2.4703855e-04, -5.2316760e-04, ...,
       -5.3733163e-07, -2.6344679e-07, -0.0000000e+00], dtype=float32), array([ 6.875396e-05,  7.491305e-05,  8.173129e-05, ..., -7.462280e-07,
       -3.795791e-07, -0.000000e+00], dtype=float32), array([-0.00086999, -0.00086999, -0.00092799, ..., -0.00185598,
       -0.00185598, -0.00185598], dtype=float32), array([-9.3579292e-05, -7.9154968e-05, -7.2836876e-05, ...,
       -1.1205673e-04, -7.8678131e-05, -1.0776520e-04], dtype=float32), array([-1.0026972e-03, -1.5207655e-03, -1.8657324e-03, ...,
        4.7415006e-07,  1.9819534e-07,  2.6851244e-19], dtype=float32), array([3.2410264e-04, 3.6479835e-04, 1.4874272e-03, ..., 8.4813422e-08,
       6.5943873e-08, 3.3399966e-19], dtype=float32), array([-1.3490012e-03, -1.3991059e-03, -8.3334872e-04, ...,
       -6.7624806e-06, -3.3651436e-06, -0.0000000e+00], dtype=float32), array([ 1.1613949e-04,  9.0252905e-07, -1.9382633e-04, ...,
       -4.4203168e-07, -2.6002283e-07, -0.0000000e+00], dtype=float32), array([-0.00669374, -0.00669374, -0.00669374, ...,  0.00648456,
        0.00334687,  0.00313769], dtype=float32), array([-0.00182748, -0.00181234, -0.00161409, ...,  0.03663611,
        0.03732514,  0.03783059], dtype=float32), array([ 3.5016343e-05, -9.9536276e-04, -3.0394818e-04, ...,
        1.5803976e-06,  7.4700279e-07, -8.3240006e-20], dtype=float32), array([ 6.2021049e-04,  2.1313001e-04, -5.5256940e-04, ...,
        2.7274190e-08,  8.8313072e-09,  1.1996616e-19], dtype=float32), array([-1.0130259e-03, -1.2993445e-03, -8.2799801e-05, ...,
        1.1725621e-07,  3.9303295e-08, -2.2668182e-19], dtype=float32), array([-3.2659253e-05,  2.9636585e-04, -3.8779384e-04, ...,
       -6.9054913e-09, -4.2632227e-09,  0.0000000e+00], dtype=float32), array([ 0.00120175,  0.00124052,  0.00124052, ..., -0.00182201,
       -0.00182201, -0.00178324], dtype=float32), array([ 1.0395050e-04,  1.1205673e-05, -6.3896179e-05, ...,
        3.4785271e-04,  2.3150444e-04,  1.9335747e-04], dtype=float32), array([-1.9937924e-03, -2.0917109e-03, -2.1694922e-03, ...,
       -1.1693227e-06, -4.5329375e-07,  4.6561475e-19], dtype=float32), array([1.0857331e-03, 1.1431306e-03, 1.3059458e-03, ..., 3.0992962e-07,
       1.1940784e-07, 3.1550700e-19], dtype=float32), array([1.10465997e-04, 1.09567358e-04, 1.13287984e-04, ...,
       1.02600922e-07, 6.18989944e-08, 0.00000000e+00], dtype=float32), array([7.8903184e-05, 7.0801492e-05, 8.6471642e-05, ..., 1.7417833e-07,
       7.6257926e-08, 0.0000000e+00], dtype=float32), array([-1.07247094e-19, -6.89863978e-20, -3.57112766e-19, ...,
        4.93875888e-19, -1.80748102e-19,  5.70694290e-19], dtype=float32), array([4.2438507e-05, 4.6253204e-05, 2.6941299e-05, ..., 3.8504601e-05,
       1.3494492e-04, 1.6152859e-04], dtype=float32), array([ 2.2617541e-03,  2.6371498e-03,  2.9799880e-03, ...,
        9.6370559e-07,  5.4846930e-07, -1.2755482e-19], dtype=float32), array([ 9.9171484e-05,  2.0762871e-04,  2.8242939e-04, ...,
       -8.4957259e-07, -3.2411540e-07, -0.0000000e+00], dtype=float32), array([ 3.6983420e-06,  3.5461649e-06,  3.9805382e-06, ...,
       -1.0292603e-06, -6.9936738e-07, -1.1329649e-18], dtype=float32), array([-1.07956046e-04, -1.00586309e-04, -7.04682534e-05, ...,
       -1.75126527e-08, -5.28329513e-09,  2.46024039e-19], dtype=float32), array([4.5735818e-05, 4.6386640e-19, 3.7478501e-19, ..., 4.5735818e-05,
       1.3134783e-19, 5.1036687e-19], dtype=float32), array([ 1.1134148e-04, -2.4557114e-05, -4.3988228e-05, ...,
       -6.4373016e-05, -1.3184547e-04, -1.0538101e-04], dtype=float32), array([ 9.2763087e-04,  1.0432071e-03,  1.2144421e-03, ...,
       -9.0982115e-07, -5.8435802e-07,  5.0297266e-20], dtype=float32), array([-1.9219820e-03, -2.1838308e-03, -2.2542141e-03, ...,
        7.6624798e-07,  2.4838661e-07, -3.6503835e-19], dtype=float32), array([1.6414607e-03, 9.8831288e-04, 9.0387888e-04, ..., 1.6310996e-06,
       6.0257764e-07, 0.0000000e+00], dtype=float32), array([ 4.4214255e-05, -3.1526258e-06, -4.6909310e-05, ...,
       -4.2105274e-08, -3.8407372e-08, -3.3373597e-19], dtype=float32), array([-7.5291673e-04, -7.5291673e-04, -8.0311118e-04, ...,
       -4.2762407e-19, -3.4531629e-19,  1.4960548e-19], dtype=float32), array([ 0.00018525,  0.00017285,  0.00018811, ..., -0.00010371,
       -0.00010526, -0.00017583], dtype=float32), array([-1.6040908e-04, -3.9092271e-04, -5.2563567e-04, ...,
        8.3148228e-07,  3.4898804e-07,  3.8606236e-19], dtype=float32), array([-6.7703042e-04, -1.2748473e-03, -1.0768714e-03, ...,
        4.6099348e-07,  2.6631736e-07,  5.8275887e-19], dtype=float32), array([ 4.7223020e-05, -3.4142122e-05, -6.4765496e-05, ...,
        1.1098940e-03,  1.1341813e-03,  8.5696386e-04], dtype=float32), array([-1.5290192e-05,  1.0021553e-05,  2.2801301e-05, ...,
        6.0386685e-07,  2.4728308e-07,  0.0000000e+00], dtype=float32), array([-0.00050167, -0.00050167, -0.00050167, ...,  0.00050167,
        0.00050167,  0.00050167], dtype=float32), array([ 2.7894974e-05, -5.6028366e-06,  6.6757202e-06, ...,
       -2.2423267e-04, -8.0347061e-05,  1.8000603e-05], dtype=float32), array([-1.18084674e-04, -1.47584462e-04, -1.70888947e-04, ...,
       -1.23999939e-07, -3.34636816e-08, -1.69289763e-19], dtype=float32), array([ 3.0320275e-04,  3.1472938e-04,  3.0960733e-04, ...,
        9.3163301e-08,  4.1735106e-08, -3.5015165e-19], dtype=float32), array([-1.40177173e-04,  1.04793784e-04, -8.97328027e-06, ...,
        1.27693426e-07,  1.28254200e-07,  1.54531220e-19], dtype=float32), array([-3.6414542e-05, -2.9275991e-05, -2.6981956e-05, ...,
       -1.4023347e-07, -7.2825095e-08, -0.0000000e+00], dtype=float32), array([-5.0255021e-05, -3.4472088e-19,  5.8271746e-19, ...,
        3.4818364e-19,  3.1335561e-19,  8.0408034e-04], dtype=float32), array([ 9.3102455e-05,  1.2779236e-04,  1.2505054e-04, ...,
       -1.2564659e-04, -1.1408329e-04,  8.9049339e-05], dtype=float32), array([ 6.1868044e-04,  7.1867078e-04,  8.1888580e-04, ...,
        9.5033975e-08, -1.6728940e-08, -5.9192418e-20], dtype=float32), array([ 1.7160018e-03,  1.8418073e-03,  2.0451518e-03, ...,
       -4.1763315e-08, -3.0391789e-08, -1.4427917e-19], dtype=float32), array([ 1.4182281e-03,  1.4397189e-03,  1.4964876e-03, ...,
       -5.7424927e-07, -3.1307340e-07, -0.0000000e+00], dtype=float32), array([ 1.2568153e-05, -1.1707975e-07,  8.3307532e-06, ...,
        1.8298041e-07,  8.4663290e-09, -0.0000000e+00], dtype=float32), array([ 1.2157952e-19,  3.5895539e-19, -1.4168909e-19, ...,
        4.4642784e-05,  4.0151264e-19, -7.1079744e-19], dtype=float32), array([ 1.6367435e-04, -1.3532639e-03,  4.3749809e-05, ...,
        3.4093857e-05,  2.5928020e-04,  2.2006035e-04], dtype=float32), array([-2.2857082e-03, -6.2616490e-04,  6.7580515e-04, ...,
        3.2819776e-07,  1.7391538e-07, -3.8059637e-19], dtype=float32), array([-1.7578265e-03, -2.6490786e-03, -2.7350043e-03, ...,
       -2.0320824e-06, -1.0786143e-06,  8.3313935e-20], dtype=float32), array([ 8.3066674e-04,  7.5762841e-04,  6.8266265e-04, ...,
       -1.9516044e-06, -1.0113702e-06, -2.3321083e-19], dtype=float32), array([-1.9804318e-06, -5.3994149e-06,  5.2928153e-06, ...,
        9.4121518e-08,  4.4581611e-08,  3.1711388e-19], dtype=float32), array([-5.8174133e-05, -3.6358833e-05, -2.0146370e-05, ...,
        7.5817108e-05, -1.6331673e-05,  1.1527538e-04], dtype=float32), array([ 1.1539009e-03,  1.1945121e-03,  1.0712885e-03, ...,
       -6.9853832e-07, -3.5240598e-07,  7.8216198e-19], dtype=float32), array([2.6225700e-04, 7.2608673e-04, 1.1441156e-03, ..., 1.2672243e-07,
       6.5311497e-08, 3.0270305e-19], dtype=float32), array([-5.3209158e-05, -2.1043426e-05,  9.2174769e-06, ...,
        1.3194324e-05,  6.2229137e-06,  0.0000000e+00], dtype=float32), array([6.9988964e-05, 4.8721075e-05, 1.3560400e-05, ..., 2.7400435e-07,
       1.3120508e-07, 2.9648617e-19], dtype=float32), array([-2.3171325e-19,  3.8059857e-19,  4.3668458e-04, ...,
        1.3682784e-03,  1.3973906e-03,  1.3682784e-03], dtype=float32), array([-8.22544098e-05, -1.19924545e-04, -9.65595245e-05, ...,
        3.09228897e-04,  7.58171082e-04,  6.82353973e-04], dtype=float32), array([ 9.4203118e-05,  7.6435812e-05,  5.7113921e-05, ...,
        5.0817766e-07,  2.9729839e-07, -7.6055593e-20], dtype=float32), array([3.0095156e-03, 3.2434233e-03, 3.4415373e-03, ..., 1.1222480e-06,
       5.0812599e-07, 6.9263361e-20], dtype=float32), array([-1.2204971e-03, -6.0936203e-04, -2.0628894e-04, ...,
       -3.4138759e-06, -1.8100699e-06,  1.0523748e-18], dtype=float32), array([-2.3168736e-06,  1.4489568e-06,  1.3980656e-06, ...,
       -3.7201221e-07, -2.3587155e-07, -0.0000000e+00], dtype=float32), array([ 6.4331450e-04,  6.4331450e-04,  6.8620214e-04, ...,
        2.8595530e-19,  3.8386544e-19, -1.9294826e-20], dtype=float32), array([ 2.7418137e-06,  4.1723251e-06, -7.3909760e-06, ...,
        6.5326691e-05,  1.8250942e-04,  8.8691711e-05], dtype=float32), array([-9.1888430e-04, -1.0011881e-03, -1.0777455e-03, ...,
       -5.0672035e-08, -3.0484959e-08,  4.7632860e-19], dtype=float32), array([ 7.8571605e-04,  7.8102719e-04,  7.5255794e-04, ...,
        4.8757788e-06,  2.5081033e-06, -2.9957915e-19], dtype=float32), array([-4.3263103e-04, -4.1296190e-04, -3.8178926e-04, ...,
       -3.9162606e-07, -2.3053515e-07,  3.1283239e-19], dtype=float32), array([-1.9624011e-05, -2.9108549e-05, -3.6188907e-05, ...,
        2.7006340e-07,  1.0646346e-07, -0.0000000e+00], dtype=float32), array([4.5532066e-05, 4.4627792e-05, 4.4560358e-05, ..., 1.3989779e-04,
       3.0702967e-04, 7.9577928e-04], dtype=float32), array([-0.00181782, -0.00182188, -0.00183761, ..., -0.00338066,
       -0.00367546, -0.00423169], dtype=float32), array([ 3.0995710e-04,  3.1724467e-04,  2.6605508e-04, ...,
        8.0883569e-07,  3.7153180e-07, -3.6425322e-19], dtype=float32), array([1.7395387e-05, 1.9903773e-05, 1.2616350e-05, ..., 1.1433823e-06,
       3.9497428e-07, 7.0823902e-19], dtype=float32), array([-8.0107609e-05, -6.1322949e-05, -5.3586213e-05, ...,
        6.2946066e-07,  2.5502470e-07,  0.0000000e+00], dtype=float32), array([ 1.9725002e-03, -2.6187954e-05, -9.2613051e-04, ...,
       -4.8816379e-04, -4.2734528e-04, -3.1632924e-04], dtype=float32), array([ 0.00812197,  0.00819242,  0.00818551, ..., -0.00358546,
       -0.00347686, -0.00350344], dtype=float32), array([-6.7952906e-06,  2.5697494e-05,  4.0783190e-05, ...,
       -9.5718441e-08,  1.6523758e-08, -4.3076392e-19], dtype=float32), array([-1.1227855e-04, -1.3905129e-04, -1.1633527e-04, ...,
       -3.0524535e-07, -9.0285425e-08,  1.7834294e-19], dtype=float32), array([ 5.4299831e-05, -1.0030840e-05,  1.5973463e-05, ...,
       -9.7583552e-07, -5.6459982e-07,  2.4825911e-19], dtype=float32), array([-3.4122044e-05, -5.4760065e-05, -2.8013068e-05, ...,
        7.5523502e-08,  6.6105173e-08,  0.0000000e+00], dtype=float32), array([-0.00119276, -0.00107865, -0.00091922, ..., -0.00069227,
       -0.00056118, -0.00035367], dtype=float32), array([-0.0031023 , -0.00306618, -0.00297236, ..., -0.00839293,
       -0.00844169, -0.00846779], dtype=float32), array([ 5.0267867e-05,  9.9691451e-06, -2.6387859e-05, ...,
       -7.2941469e-07, -4.3496701e-07,  4.3024561e-19], dtype=float32), array([-7.6548371e-04, -6.4220722e-04, -4.8050637e-04, ...,
       -6.3362904e-06, -3.3242059e-06,  1.1079161e-20], dtype=float32), array([ 6.6010084e-04,  7.0695882e-04,  7.4885640e-04, ...,
       -2.6244811e-07, -2.9507424e-08, -1.8901986e-19], dtype=float32), array([-1.7177878e-04, -2.5480706e-04, -3.8481047e-04, ...,
       -7.2006110e-08,  8.6077968e-08,  0.0000000e+00], dtype=float32), array([0.00115807, 0.00107277, 0.00103049, ..., 0.00071015, 0.00060612,
       0.00067225], dtype=float32), array([-0.03549433, -0.03547776, -0.03548265, ..., -0.05265868,
       -0.05256283, -0.05251563], dtype=float32), array([-5.1374472e-04, -3.9290052e-04, -7.8899968e-05, ...,
        3.7425041e-06,  1.8453633e-06,  1.7063083e-19], dtype=float32), array([-1.1681229e-03, -1.0051645e-03, -8.9274172e-04, ...,
        3.9208057e-06,  2.4195308e-06, -6.3712992e-19], dtype=float32), array([-1.0969258e-03, -1.1211408e-03, -1.0559943e-03, ...,
       -9.7605016e-07, -3.4592594e-07, -3.0670660e-19], dtype=float32), array([-1.2994652e-04, -1.2739748e-04, -1.3517172e-04, ...,
        2.3506338e-07,  1.2425286e-07,  0.0000000e+00], dtype=float32), array([3.6050554e-04, 2.5343907e-04, 8.4696119e-05, ..., 5.1223795e-04,
       3.9132196e-04, 4.2165155e-04], dtype=float32), array([ 0.00583017,  0.00587785,  0.005862  , ..., -0.00115478,
       -0.00122857, -0.00122774], dtype=float32), array([ 1.3391906e-03,  1.4147569e-03,  1.5206201e-03, ...,
       -3.1083007e-07, -2.2570872e-07, -3.3721574e-19], dtype=float32), array([ 2.1266134e-03,  2.1208357e-03,  2.1768922e-03, ...,
       -7.2816255e-07, -3.3952350e-07, -4.0901843e-19], dtype=float32), array([ 1.6711599e-03,  1.6530347e-03,  1.7101378e-03, ...,
       -6.1610658e-06, -3.1101813e-06,  5.4499989e-19], dtype=float32), array([-1.00283605e-05, -1.10287137e-05, -1.43023199e-05, ...,
        9.00225245e-08,  1.30208861e-07, -4.98217345e-19], dtype=float32), array([1.0138609e-04, 3.1046703e-04, 4.7988474e-04, ..., 4.0749510e-04,
       1.2610578e-06, 1.1048841e-05], dtype=float32), array([-0.00228548, -0.00225842, -0.00219965, ...,  0.03013456,
        0.03051364,  0.03112864], dtype=float32), array([-2.6649347e-04, -2.0167706e-04, -1.6272838e-04, ...,
        2.2779502e-06,  1.3766578e-06,  7.4672463e-20], dtype=float32), array([-6.8389013e-04, -7.5233291e-04, -7.9752289e-04, ...,
        5.8785258e-07,  1.2763584e-07,  1.4024525e-19], dtype=float32), array([ 6.2197208e-04,  3.8228222e-04,  2.2579679e-04, ...,
        1.6479161e-06,  7.5208197e-07, -7.0839400e-21], dtype=float32), array([-2.4447590e-04, -2.8361694e-04, -3.0918961e-04, ...,
       -1.6816415e-07, -5.3747147e-08, -0.0000000e+00], dtype=float32), array([ 0.00079635,  0.00079635,  0.00082204, ..., -0.00161839,
       -0.00161839, -0.00161839], dtype=float32), array([-5.6982040e-05,  6.6041946e-05,  2.0885468e-04, ...,
       -2.4141669e-02, -2.2903085e-02, -2.3455501e-02], dtype=float32), array([ 0.00053628,  0.00037881,  0.00012468, ..., -0.00016753,
       -0.00015101, -0.00019704], dtype=float32), array([ 6.0379575e-04, -1.2694173e-06, -1.0015321e-04, ...,
       -1.6055377e-06, -8.8432517e-07,  2.7825867e-19], dtype=float32), array([ 8.0747082e-04,  4.8938557e-04,  2.8281717e-04, ...,
       -1.5894361e-07, -8.6473380e-09,  3.2567621e-19], dtype=float32), array([ 8.5136657e-05,  6.9357666e-05,  5.4768396e-05, ...,
       -7.8324194e-07, -3.2026125e-07,  3.5334540e-19], dtype=float32), array([ 2.9938758e-04,  3.4450990e-04,  1.9315133e-04, ...,
        8.9156762e-05, -1.4562997e-04,  1.0822131e-04], dtype=float32), array([ 0.00586605,  0.00588155,  0.00585794, ..., -0.01093471,
       -0.01082051, -0.01095021], dtype=float32), array([ 0.00756647, -0.02356097, -0.0552358 , ...,  0.07404748,
        0.11933219,  0.15207858], dtype=float32), array([5.7398883e-04, 5.9089425e-04, 6.0724822e-04, ..., 5.6118097e-07,
       2.6185501e-07, 1.4680310e-19], dtype=float32), array([-2.9206170e-05, -3.3098022e-05, -4.0309005e-05, ...,
        2.4896880e-07,  3.5043345e-07, -1.2802828e-19], dtype=float32), array([2.1729981e-04, 2.2238275e-04, 2.2939339e-04, ..., 7.4429116e-09,
       2.2507697e-08, 0.0000000e+00], dtype=float32), array([-0.0008624 , -0.00088036, -0.0008624 , ..., -0.00028747,
       -0.00057493, -0.00057493], dtype=float32), array([-0.00633311, -0.00635207, -0.00634265, ...,  0.00122118,
        0.00121129,  0.00125802], dtype=float32), array([-4.0598349e-03, -1.7592052e-03, -8.1363862e-04, ...,
       -1.3666923e-05, -3.2746425e-06,  5.4561681e-19], dtype=float32), array([1.4015069e-03, 8.0111303e-04, 6.7725423e-04, ..., 6.4318481e-12,
       9.0963055e-13, 3.1829644e-19], dtype=float32), array([-2.4324353e-03, -2.3032371e-03, -2.0138379e-03, ...,
        1.5622113e-06,  8.2155805e-07,  6.0343648e-19], dtype=float32), array([ 8.7187072e-06,  3.8052722e-06,  1.1561143e-05, ...,
       -2.6307108e-09,  2.4726643e-10, -3.9388493e-19], dtype=float32), array([0.00225636, 0.00218585, 0.00225636, ..., 0.00112818, 0.00105767,
       0.00112818], dtype=float32), array([1.0728836e-05, 4.7683716e-07, 1.8358231e-05, ..., 9.5279217e-03,
       9.6107721e-03, 9.5440149e-03], dtype=float32), array([-1.0920422e-03, -1.1176475e-03,  1.0066591e-03, ...,
        3.5266174e-07,  2.2809276e-07, -2.5332815e-19], dtype=float32), array([ 2.5741339e-03,  1.7808909e-03,  8.1421179e-04, ...,
        8.0046398e-08, -1.7479118e-09,  3.1242932e-19], dtype=float32), array([-4.0983829e-05, -1.8608420e-05,  9.7042102e-06, ...,
        2.9338287e-07,  3.4007138e-07,  1.8767161e-21], dtype=float32), array([-3.1146116e-04,  6.2137777e-05,  3.2259639e-05, ...,
        2.4354202e-04,  5.2912970e-04,  3.6949862e-04], dtype=float32), array([-1.1631060e-18, -4.9091680e-19,  2.5000136e-19, ...,
       -2.7498894e-03, -2.7498894e-03, -1.3749447e-03], dtype=float32), array([ 2.6172042e-02,  2.6149273e-02,  2.6163578e-02, ...,
        3.8981438e-05, -1.8835068e-05,  1.7118454e-04], dtype=float32), array([ 4.8438640e-04,  4.9003464e-04,  5.2425428e-04, ...,
       -4.4158757e-08,  1.2265943e-08, -3.7561018e-20], dtype=float32), array([-7.2203745e-04, -8.6567516e-04, -1.0325501e-03, ...,
        3.2405746e-06,  1.2858300e-06,  1.5388969e-19], dtype=float32), array([-2.9087630e-03, -2.9404659e-03, -3.0221303e-03, ...,
        2.1449357e-06,  1.9726613e-06, -8.2601036e-19], dtype=float32), array([0.00090151, 0.00089045, 0.00089719, ..., 0.0011813 , 0.00116686,
       0.00112455], dtype=float32), array([1.1407908e-03, 1.1407908e-03, 5.3820956e-19, ..., 1.1407908e-03,
       1.2120901e-03, 1.1407908e-03], dtype=float32), array([-0.00017428, -0.0001241 , -0.00013721, ..., -0.02641404,
       -0.0263896 , -0.02622879], dtype=float32), array([ 1.8477428e-03,  1.9335498e-03,  2.0619077e-03, ...,
       -2.0932334e-06, -9.3273377e-07,  8.8022812e-19], dtype=float32), array([-7.6007731e-05, -7.1176946e-05, -6.9274196e-05, ...,
        2.5689969e-06,  1.4507867e-06, -6.3728564e-19], dtype=float32), array([ 1.9372169e-04,  2.5175026e-04,  2.7582672e-04, ...,
       -1.3225523e-06, -6.8817951e-07, -2.5217048e-19], dtype=float32), array([ 3.0943271e-04,  3.0885145e-04,  3.0504080e-04, ...,
       -5.7626971e-07, -2.2553535e-07, -0.0000000e+00], dtype=float32), array([ 6.9952694e-05,  7.1422648e-05,  7.2565286e-05, ...,
        1.3674956e-04,  7.5529271e-05, -6.2582787e-04], dtype=float32), array([ 4.9471855e-05,  7.2479248e-05,  3.7550926e-05, ...,
       -4.8537254e-03, -4.5553446e-03, -4.5477152e-03], dtype=float32), array([ 4.1815797e-03,  3.5670986e-03,  2.5127479e-03, ...,
       -5.8514743e-06, -2.9458035e-06, -5.8477461e-19], dtype=float32), array([ 1.8249521e-04,  9.9783903e-04,  6.8979285e-04, ...,
       -9.8623775e-07, -8.7227687e-07, -1.6852154e-19], dtype=float32), array([-1.8342804e-05, -1.4327535e-04, -1.3728732e-04, ...,
       -1.4022181e-06, -7.3770411e-07, -0.0000000e+00], dtype=float32), array([ 8.3481820e-05,  5.6174682e-05,  3.9021423e-05, ...,
        5.4322221e-08,  8.9900238e-09, -0.0000000e+00], dtype=float32), array([ 6.3242449e-05, -9.3389746e-19,  5.9274155e-19, ...,
       -3.7742832e-19, -1.5499856e-19,  6.3242449e-05], dtype=float32), array([-5.1748753e-04, -2.9897690e-04, -9.6321106e-05, ...,
        1.1234164e-02,  1.1220694e-02,  1.1219621e-02], dtype=float32), array([ 4.5414879e-05,  4.5051780e-05,  3.0520296e-05, ...,
       -4.4775128e-08,  1.6534879e-07,  4.9030552e-19], dtype=float32), array([ 1.1354452e-03, -1.0690789e-03, -3.1571528e-03, ...,
        3.8129521e-08, -1.1647066e-08,  9.2021372e-19], dtype=float32), array([-3.0570887e-03,  4.1425077e-04, -2.1776638e-04, ...,
       -1.2023049e-06, -6.0456392e-07, -0.0000000e+00], dtype=float32), array([ 1.8935713e-04,  8.8010071e-05, -4.4263703e-05, ...,
        2.5389426e-07,  1.4170635e-07,  0.0000000e+00], dtype=float32), array([ 7.7343998e-20, -2.4391824e-19, -4.5192537e-19, ...,
       -6.4614660e-04, -1.2162760e-03, -6.0813798e-04], dtype=float32), array([ 1.38282776e-05,  7.74860382e-06, -1.51395798e-05, ...,
       -4.29153442e-05, -6.62803650e-05, -1.08361244e-04], dtype=float32), array([ 4.7500366e-03,  4.9614036e-03,  5.0288141e-03, ...,
       -7.7785862e-06, -4.4769640e-06,  1.0141211e-18], dtype=float32), array([ 2.5686992e-03,  2.4755634e-03,  2.3789837e-03, ...,
       -1.9982345e-07, -1.0926243e-07,  1.0641740e-19], dtype=float32), array([-7.3631614e-04, -7.6094369e-04, -6.9287344e-04, ...,
       -2.1163446e-06, -1.0549222e-06,  4.8838439e-19], dtype=float32), array([3.3210096e-04, 4.2506313e-04, 4.8745424e-04, ..., 1.2433818e-08,
       8.2171780e-09, 5.6636979e-20], dtype=float32), array([-8.6876453e-20, -3.2940121e-19, -3.0416859e-05, ...,
        4.3509158e-06,  2.1754579e-06, -3.2021511e-19], dtype=float32), array([ 0.00017452,  0.00012183,  0.00011516, ...,  0.00024557,
       -0.00097632,  0.00061882], dtype=float32), array([6.3512713e-04, 8.2767161e-04, 1.0837280e-03, ..., 4.0080997e-07,
       2.1049090e-07, 1.8802150e-19], dtype=float32), array([1.6304518e-03, 1.1546810e-03, 6.0591521e-04, ..., 1.1719012e-06,
       5.7362996e-07, 9.0123210e-19], dtype=float32), array([ 4.9211201e-05,  4.1650588e-04,  6.7375327e-04, ...,
       -1.6519773e-06, -9.1492780e-07,  4.5343694e-19], dtype=float32), array([-1.86586636e-03, -1.90788333e-03, -1.95747777e-03, ...,
        1.54158514e-07,  1.12005935e-07, -1.98501608e-19], dtype=float32), array([-7.87672252e-05,  1.02082395e-05,  7.11609118e-06, ...,
        3.40463506e-04,  5.32027101e-04,  7.18845520e-04], dtype=float32), array([-1.0967255e-05, -7.0333481e-06, -2.3841858e-06, ...,
       -1.1265278e-04, -5.7220459e-05, -2.5033951e-06], dtype=float32), array([-3.0681820e-04, -1.2925026e-03, -1.4851982e-03, ...,
       -6.2817833e-07, -3.1047540e-07, -7.6931013e-19], dtype=float32), array([ 4.1830726e-03,  4.7479440e-03,  5.0382121e-03, ...,
        6.9433395e-06,  3.8336061e-06, -3.6975534e-19], dtype=float32), array([ 1.3736761e-03,  1.4630340e-03,  1.4620144e-03, ...,
       -1.1938117e-07, -1.8359012e-07, -9.1884676e-20], dtype=float32), array([1.0584532e-04, 1.8833032e-04, 2.1591762e-04, ..., 3.3854144e-07,
       1.8257246e-07, 0.0000000e+00], dtype=float32), array([-1.4995655e-19, -1.5171326e-19,  4.8956741e-21, ...,
       -8.6862099e-04, -1.0892232e-03, -1.0892232e-03], dtype=float32), array([ 7.1918458e-04,  3.7119203e-04,  3.4799252e-04, ...,
        9.5814650e-20,  1.1166269e-19, -1.2566207e-19], dtype=float32), array([-1.8715858e-05, -1.5974045e-05,  1.7046928e-05, ...,
        7.4148178e-05,  1.2636185e-05, -5.4121017e-05], dtype=float32), array([-9.8914560e-04, -3.2700514e-04, -1.2356925e-03, ...,
        1.0956106e-07,  1.0191568e-07, -9.4793823e-19], dtype=float32), array([-1.5018238e-03, -1.1044281e-03, -1.1407373e-03, ...,
        1.4162664e-06,  7.0102226e-07, -7.3468130e-19], dtype=float32), array([-2.4459427e-03, -2.2397002e-03, -2.0936977e-03, ...,
       -4.6008492e-07, -1.7721393e-07, -5.7734927e-19], dtype=float32), array([2.0691630e-04, 1.9395696e-04, 1.9398540e-04, ..., 3.2331747e-07,
       2.0954616e-07, 0.0000000e+00], dtype=float32), array([ 1.0281309e-03,  1.0612964e-03,  1.0281309e-03, ...,
       -1.9204785e-19,  3.3165514e-05,  3.3165514e-05], dtype=float32), array([-0.00011384, -0.00012767, -0.00011218, ..., -0.00052345,
       -0.00010812, -0.00016379], dtype=float32), array([-6.6911808e-04, -1.2908105e-03, -3.8288595e-04, ...,
       -2.6217963e-06, -1.2164106e-06, -1.7197135e-18], dtype=float32), array([-5.0197938e-04, -1.1241476e-03, -7.2873745e-04, ...,
       -5.9692633e-07, -3.1760649e-07, -6.7744451e-20], dtype=float32), array([ 3.7191061e-05,  4.1288695e-05,  4.7645808e-05, ...,
       -1.4446441e-04, -8.5849533e-05,  2.5697651e-05], dtype=float32), array([-2.4751020e-05, -2.5604730e-05, -2.5959816e-05, ...,
       -2.4438037e-08,  1.9719435e-09,  0.0000000e+00], dtype=float32), array([0.00136385, 0.00139287, 0.00136385, ..., 0.00089956, 0.00046429,
       0.00046429], dtype=float32), array([-3.8385391e-05, -6.6757202e-06, -2.7298927e-05, ...,
       -5.6248903e-03, -5.6722164e-03, -5.6438446e-03], dtype=float32), array([ 1.5372777e-03,  1.4311378e-03,  1.4598704e-03, ...,
        1.8254927e-07, -1.9845027e-07,  2.3567397e-19], dtype=float32), array([2.0337782e-05, 2.0369627e-05, 2.4725879e-05, ..., 2.0949128e-07,
       1.3701907e-07, 4.7646353e-19], dtype=float32), array([-0.00227791, -0.00165509, -0.00158484, ...,  0.00326835,
        0.0033199 ,  0.00330229], dtype=float32), array([-1.0363046e-03, -9.2609628e-04, -7.3519477e-04, ...,
        1.2266285e-06,  5.9791279e-07,  3.0976826e-19], dtype=float32), array([-6.2859198e-04, -1.0984406e-03, -1.4202278e-03, ...,
       -1.2998105e-06, -3.1474985e-07,  5.1930554e-19], dtype=float32), array([-0.00022781, -0.00029504, -0.00025916, ..., -0.01372957,
       -0.01350081, -0.0132364 ], dtype=float32), array([ 9.2706876e-04,  5.9069233e-04,  6.5638131e-04, ...,
       -1.2944938e-06, -6.6978487e-07,  1.6312176e-19], dtype=float32), array([ 4.13562811e-04,  4.15579067e-04,  4.28779225e-04, ...,
       -6.52672725e-08, -8.21265616e-08, -1.06684863e-19], dtype=float32), array([-4.5593680e-04, -9.2468422e-04, -5.8070436e-04, ...,
       -2.5340638e-08, -5.0715769e-08,  2.8505466e-19], dtype=float32), array([-1.2656061e-04,  2.6939622e-05,  2.5328471e-05, ...,
       -1.6150041e-06, -5.9406517e-07, -0.0000000e+00], dtype=float32), array([-9.8525707e-05, -2.2105243e-05,  1.4800734e-04, ...,
        3.2973116e-05,  6.2345673e-05,  6.2542349e-05], dtype=float32), array([0.00557017, 0.00564945, 0.00553799, ..., 0.00312722, 0.00315571,
       0.00314558], dtype=float32), array([ 5.3310697e-04,  5.7481223e-04, -2.6021639e-04, ...,
       -1.4385346e-06, -5.2891380e-07, -4.1106787e-19], dtype=float32), array([-9.2841605e-05, -2.1232583e-04, -1.4448885e-04, ...,
       -6.0962833e-07, -2.1653828e-07, -2.0557788e-19], dtype=float32), array([ 7.2861338e-05, -2.1027986e-04,  2.3115255e-04, ...,
       -9.1094580e-06, -4.2209990e-06, -3.5155158e-19], dtype=float32), array([ 7.6876502e-05,  7.8719837e-05,  8.8309018e-05, ...,
       -2.2259658e-07, -6.3854387e-08,  1.6315432e-19], dtype=float32), array([-7.7360298e-04,  4.4431784e-19, -5.7114030e-19, ...,
       -4.8350186e-05, -7.2525279e-04, -4.0056831e-19], dtype=float32), array([-0.00097203, -0.00100064, -0.00097036, ..., -0.00304127,
       -0.00299072, -0.0030098 ], dtype=float32), array([5.9900569e-05, 2.7771186e-04, 4.9062999e-04, ..., 2.3140400e-03,
       2.2271439e-03, 2.1905261e-03], dtype=float32), array([3.7496621e-04, 3.9498482e-04, 3.5312775e-04, ..., 7.2681746e-07,
       3.1842154e-07, 1.0196406e-18], dtype=float32), array([ 6.7595101e-06,  6.6630205e-06,  6.6173588e-06, ...,
       -1.5511822e-06, -5.0831147e-07,  1.9311054e-19], dtype=float32), array([5.8659662e-05, 6.3413259e-05, 5.9189191e-05, ..., 1.9198042e-06,
       1.1738003e-06, 1.2171183e-19], dtype=float32), array([ 1.3132204e-05, -4.9846823e-04, -8.1514474e-04, ...,
       -5.9894187e-04, -5.3894118e-04, -5.3988077e-04], dtype=float32), array([0.00328004, 0.0032649 , 0.00316501, ..., 0.00225961, 0.00197518,
       0.00212252], dtype=float32), array([-1.4872969e-03, -9.4751274e-04, -1.1488531e-03, ...,
        2.9751106e-06,  2.0532013e-06,  3.7944416e-19], dtype=float32), array([-1.3475310e-03, -9.9723856e-04, -6.7884068e-04, ...,
       -6.4824184e-07, -4.7170491e-07,  5.5180557e-19], dtype=float32), array([-4.3690932e-04, -4.4633535e-04, -4.8108352e-04, ...,
       -1.4205909e-07, -1.2016152e-07, -1.4592495e-20], dtype=float32), array([-6.9782918e-04, -7.3718303e-04, -7.7755342e-04, ...,
        2.1756978e-06,  1.0333206e-06, -1.7142614e-19], dtype=float32), array([-8.1558392e-05, -1.1147991e-18, -2.7071461e-20, ...,
        2.6098685e-03,  2.6098685e-03,  2.5283101e-03], dtype=float32), array([-0.00113177, -0.00116122, -0.00112951, ..., -0.00080514,
       -0.00076175, -0.00082433], dtype=float32), array([-3.0564188e-03, -3.0641796e-03, -3.0543788e-03, ...,
       -6.5338341e-08, -3.0173677e-08, -4.1870094e-19], dtype=float32), array([ 4.7192522e-04,  4.9454800e-04,  5.6722626e-04, ...,
        1.4116429e-07,  1.9639884e-08, -7.9002424e-20], dtype=float32), array([9.3352490e-08, 9.3537210e-08, 9.0419867e-08, ..., 3.3828583e-06,
       1.5302713e-06, 1.3501005e-19], dtype=float32), array([-1.20364475e-05, -2.28064391e-06, -1.42241033e-05, ...,
        1.24607027e-06,  6.67209747e-07,  3.11613154e-19], dtype=float32), array([ 6.8775633e-05,  4.9072889e-05,  3.3100729e-05, ...,
        2.5853171e-04, -1.4102766e-04, -1.7627742e-04], dtype=float32), array([ 0.00061059,  0.00054896,  0.00050306, ..., -0.00344336,
       -0.00340986, -0.00338674], dtype=float32), array([-2.2224363e-04, -3.6812999e-04, -4.8708255e-04, ...,
        7.3896388e-08, -3.8021137e-09,  2.0930711e-19], dtype=float32), array([9.2948880e-04, 9.6883922e-04, 9.2174381e-04, ..., 2.2308977e-07,
       1.6138709e-07, 6.9783862e-19], dtype=float32), array([-8.6661288e-07, -9.2476728e-07, -9.2913541e-07, ...,
        2.3603798e-06,  2.5828626e-06, -5.3977567e-19], dtype=float32), array([7.5360062e-05, 1.2075653e-04, 1.6007703e-04, ..., 3.5231054e-07,
       1.3146622e-07, 3.8894226e-19], dtype=float32), array([-2.9236089e-19,  1.9531982e-19, -2.5777554e-05, ...,
       -1.1857675e-03, -1.2115450e-03, -1.2115450e-03], dtype=float32), array([ 0.00018942,  0.00013971,  0.00014782, ..., -0.00429487,
       -0.00473273, -0.00163209], dtype=float32), array([ 7.8554947e-08, -2.2312388e-05, -3.0501593e-05, ...,
       -1.0399356e-06, -5.0942242e-07, -2.7587386e-19], dtype=float32), array([ 3.8097517e-04,  3.2414831e-04,  2.7197858e-04, ...,
        1.3641841e-06,  6.0491334e-07, -3.6089533e-19], dtype=float32), array([-6.0503553e-06, -5.3817739e-06, -4.7986032e-06, ...,
       -1.1346816e-06, -5.4411106e-07,  4.6513788e-19], dtype=float32), array([3.8681467e-04, 5.1689544e-04, 6.9587136e-04, ..., 4.9870084e-07,
       5.7125991e-08, 5.0169595e-19], dtype=float32), array([-4.2285814e-19,  6.5737071e-20, -6.5264742e-19, ...,
       -3.2208906e-19,  4.9638395e-05, -1.2902176e-19], dtype=float32), array([-0.00124574, -0.00130785, -0.00142074, ..., -0.00437331,
       -0.00513518,  0.00062132], dtype=float32), array([-9.9877661e-06, -9.7733964e-06, -9.7623024e-06, ...,
       -4.5651710e-08, -1.6292914e-08,  3.0912957e-19], dtype=float32), array([-2.3273540e-04, -2.7953423e-04, -3.3056689e-04, ...,
        3.5388820e-07,  1.5269080e-07,  1.8521789e-19], dtype=float32), array([-3.0056326e-06,  7.5098746e-05,  1.1150616e-04, ...,
       -1.8788270e-07, -6.6683576e-08,  1.6396772e-19], dtype=float32), array([ 1.9043520e-04,  1.8893614e-04,  1.9393726e-04, ...,
       -1.6961076e-07,  1.7181808e-08, -3.8002650e-19], dtype=float32), array([-3.0399040e-19, -4.0373954e-19,  4.9155792e-19, ...,
        1.7496966e-19, -6.3843345e-19, -1.1449590e-19], dtype=float32), array([-0.01044655, -0.01046383, -0.01051128, ..., -0.00049245,
       -0.00047874, -0.00049257], dtype=float32), array([-7.0463117e-05, -9.1450922e-05, -1.2333755e-04, ...,
       -3.1340678e-06, -1.6342722e-06, -8.6514851e-19], dtype=float32), array([-1.9117132e-04, -3.5609721e-04, -4.1809338e-04, ...,
        1.3545634e-06,  1.1548373e-06,  1.6598786e-19], dtype=float32), array([-4.8865921e-05, -3.3565717e-05,  1.5467474e-04, ...,
        4.0934524e-06,  3.1238719e-06,  8.1548040e-20], dtype=float32), array([ 8.0029778e-05,  7.0872869e-05,  6.5953609e-05, ...,
       -5.8829014e-06, -2.9753237e-06, -0.0000000e+00], dtype=float32), array([-1.3899404e-03, -1.3899404e-03, -1.4195136e-03, ...,
        1.1135357e-19, -2.9573199e-05, -7.1089957e-20], dtype=float32), array([0.00063217, 0.00065124, 0.00063372, ..., 0.00185788, 0.00281084,
       0.00253284], dtype=float32), array([ 5.2713120e-04,  4.5998715e-04,  4.0259908e-04, ...,
        3.6491559e-07,  2.6898488e-07, -3.1525156e-19], dtype=float32), array([-3.9672232e-05, -3.8857368e-04, -5.0868961e-04, ...,
       -1.2405195e-06, -5.8876810e-07,  7.7467631e-19], dtype=float32), array([ 2.8690902e-04,  2.6577580e-04, -2.6969847e-04, ...,
       -1.5841164e-06, -7.5758618e-07, -0.0000000e+00], dtype=float32), array([ 0.00137374,  0.00133081,  0.00133081, ..., -0.00068687,
       -0.00068687, -0.00133081], dtype=float32), array([-0.00077629, -0.00080919, -0.00077307, ...,  0.00013626,
       -0.00121582, -0.00199938], dtype=float32), array([-2.4040919e-06, -2.2611509e-06, -5.9146660e-06, ...,
       -4.8308038e-07, -1.7258544e-07, -1.2628645e-21], dtype=float32), array([-2.1095816e-03, -2.2014037e-03, -2.2757344e-03, ...,
       -1.3337765e-07, -1.9178496e-07,  7.6741513e-20], dtype=float32), array([-4.3488081e-04, -5.4764241e-04, -7.0465525e-04, ...,
        4.3971903e-07,  8.2412335e-08,  0.0000000e+00], dtype=float32), array([3.8013495e-05, 4.5795688e-05, 3.7343623e-05, ..., 9.7800363e-09,
       3.3829450e-09, 0.0000000e+00], dtype=float32), array([-0.00092435, -0.00092435, -0.00092435, ..., -0.00086658,
       -0.00092435, -0.00098212], dtype=float32), array([ 0.00059724,  0.00058722,  0.00057912, ..., -0.00189149,
       -0.00351489, -0.00340796], dtype=float32), array([-1.8873521e-04, -1.8988262e-04, -1.8915656e-04, ...,
       -2.6991921e-07, -2.4530991e-08, -3.1340759e-20], dtype=float32), array([-2.8528745e-04, -2.3317992e-04, -8.0360391e-05, ...,
       -3.9184971e-07, -1.9623835e-07, -5.4975178e-19], dtype=float32), array([-3.2600824e-04, -2.4448230e-04, -1.6319733e-04, ...,
       -1.3479491e-06, -7.6567784e-07, -4.9583109e-20], dtype=float32), array([-1.06877123e-04, -1.04658495e-04, -1.12477217e-04, ...,
       -2.01970670e-06, -8.60027853e-07, -3.65133730e-19], dtype=float32), array([5.8174677e-19, 3.6049983e-05, 5.1442884e-19, ..., 5.4074975e-04,
       5.7679974e-04, 5.7679974e-04], dtype=float32), array([ 0.00089288,  0.00091171,  0.00092328, ..., -0.00175941,
       -0.00314927, -0.0053736 ], dtype=float32), array([ 3.1893118e-03,  2.8019939e-03,  2.6035316e-03, ...,
       -2.0316500e-06, -9.3120798e-07, -2.0994438e-19], dtype=float32), array([ 1.9038039e-04,  1.3485682e-04, -2.8660783e-05, ...,
       -4.0160618e-08, -4.7468962e-08,  3.9359350e-19], dtype=float32), array([-0.00079136, -0.00074009, -0.00072664, ..., -0.00168471,
       -0.00163284, -0.00161963], dtype=float32), array([-7.2693387e-05,  5.0903645e-06,  3.9604827e-05, ...,
        3.1379287e-07,  1.1144683e-07,  2.3897475e-19], dtype=float32), array([ 3.8882091e-03,  3.8882091e-03,  3.8882091e-03, ...,
        1.3179470e-18, -1.8813915e-03, -2.0068176e-03], dtype=float32), array([-0.00146306, -0.00148225, -0.00143003, ...,  0.00820673,
        0.00793517,  0.00793099], dtype=float32), array([-2.0840600e-04, -4.9884885e-04, -6.5753300e-04, ...,
       -1.6848860e-07, -2.4092896e-07,  5.8562909e-19], dtype=float32), array([ 9.6923155e-05,  7.6874778e-05,  3.2702341e-05, ...,
        9.1918224e-07,  4.6675598e-07, -3.6464753e-19], dtype=float32), array([ 2.2305977e-04, -1.9858436e-07, -3.5154659e-05, ...,
        1.2004124e-06,  6.6471733e-07,  4.2247836e-19], dtype=float32), array([ 6.6352644e-05,  6.6292065e-05,  4.8797348e-05, ...,
       -3.6546484e-07, -2.6805600e-07, -7.2642704e-20], dtype=float32), array([ 1.5621175e-19, -4.5453487e-19,  4.5594436e-05, ...,
       -1.5696846e-06, -3.6789484e-07, -0.0000000e+00], dtype=float32), array([-0.0044297 , -0.0044204 , -0.00443542, ...,  0.01420093,
        0.01583195,  0.01119459], dtype=float32), array([ 1.2306196e-03,  1.5289456e-03,  1.5643147e-03, ...,
        2.3218952e-06,  9.5771463e-07, -6.4563432e-19], dtype=float32), array([-1.68815619e-04, -1.18420525e-04, -9.39029851e-05, ...,
       -2.41823591e-06, -1.46848060e-06,  2.99909479e-19], dtype=float32), array([ 0.00356212,  0.00170688, -0.00079831, ..., -0.00056294,
       -0.00124002, -0.00063286], dtype=float32), array([-1.6600490e-05, -2.0490836e-05, -2.0902520e-05, ...,
        5.1801459e-07,  2.6986723e-07,  0.0000000e+00], dtype=float32), array([-6.3356588e-04, -6.7580357e-04, -3.3171178e-19, ...,
       -1.3516071e-03, -1.3093695e-03, -1.3093695e-03], dtype=float32), array([0.004143  , 0.00416481, 0.00416744, ..., 0.00050735, 0.00061023,
       0.00083065], dtype=float32), array([-3.9276358e-05, -6.6141729e-05, -1.3083978e-04, ...,
        1.1001767e-06,  5.4003988e-07,  4.2752060e-19], dtype=float32), array([-1.5815104e-04, -1.2706422e-04, -1.4407380e-04, ...,
       -1.0048565e-06, -5.3589122e-07, -4.6139618e-19], dtype=float32), array([ 6.5354889e-06, -4.3139473e-05, -2.4018669e-05, ...,
        1.1373469e-06,  9.1482639e-07, -2.8957396e-21], dtype=float32), array([-9.9768637e-05, -9.8803830e-05, -8.9649497e-05, ...,
       -2.8381800e-07, -1.6661932e-07, -1.7576015e-19], dtype=float32), array([ 6.3058321e-04,  4.4505440e-19, -1.6471021e-20, ...,
       -4.8636188e-19,  1.1756139e-19,  2.0884846e-19], dtype=float32), array([-0.0005914 , -0.00057769, -0.00058198, ...,  0.00074065,
        0.00080502,  0.0007745 ], dtype=float32), array([-1.4657365e-03, -1.1515982e-03, -9.4558793e-04, ...,
        4.3174960e-06,  2.5776449e-06,  2.6755695e-20], dtype=float32), array([5.6953414e-04, 5.2831450e-04, 5.3026626e-04, ..., 9.6151132e-10,
       1.9839959e-10, 0.0000000e+00], dtype=float32), array([-9.5692783e-04,  2.9616221e-04,  1.9550361e-03, ...,
       -1.1898120e-06, -5.9935604e-07, -8.8901963e-21], dtype=float32), array([ 4.0084349e-05,  3.6499812e-05,  3.6274392e-05, ...,
       -3.3928711e-07, -1.8055738e-07,  6.7969521e-20], dtype=float32), array([-0.00113632, -0.00113632, -0.00121208, ...,  0.00242416,
        0.0023484 ,  0.0023484 ], dtype=float32), array([0.00303555, 0.00303292, 0.00303137, ..., 0.00238168, 0.00389254,
       0.00102842], dtype=float32), array([ 2.3204726e-05,  2.6295820e-05,  2.3451701e-05, ...,
        2.8431578e-19, -2.5210627e-11,  2.7904274e-19], dtype=float32), array([ 1.5060368e-04,  3.8627104e-04,  2.5685891e-04, ...,
        1.4310444e-06,  6.8151434e-07, -2.0846672e-19], dtype=float32), array([-1.1739641e-03, -9.7651314e-04, -9.7017182e-04, ...,
        3.6661743e-07,  1.6193540e-07, -8.0488583e-21], dtype=float32), array([-2.2476619e-05, -2.2698150e-05, -2.2695625e-05, ...,
       -5.8286429e-07, -3.4715234e-07, -0.0000000e+00], dtype=float32), array([2.2299727e-19, 3.2898886e-05, 3.2898886e-05, ..., 5.0267197e-19,
       5.2638218e-04, 4.1928301e-19], dtype=float32), array([-0.00089407, -0.00091147, -0.00091052, ..., -0.00029898,
       -0.01395047, -0.00974238], dtype=float32), array([-6.3886220e-04, -5.6747551e-04, -4.5999893e-04, ...,
       -4.7406175e-07, -2.5643860e-07, -8.6405820e-20], dtype=float32), array([-5.6659325e-04, -1.2327297e-04,  2.5939505e-04, ...,
        4.3306196e-07,  3.2758538e-07,  4.3575818e-19], dtype=float32), array([-7.8487990e-04, -1.5400882e-03, -1.3397356e-03, ...,
       -4.8397064e-06, -4.4246626e-06, -4.0771497e-06], dtype=float32), array([ 1.5246767e-06,  1.4058228e-06,  7.5657277e-07, ...,
       -1.5982714e-07, -9.3167628e-08, -6.0059036e-19], dtype=float32), array([-0.00123282, -0.00249187, -0.00330501, ...,  0.00041968,
        0.00044591,  0.00041968], dtype=float32), array([0.00056326, 0.00053465, 0.00055468, ..., 0.00544441, 0.0023706 ,
       0.00010788], dtype=float32), array([1.0518667e-03, 9.3240978e-04, 8.6848001e-04, ..., 3.8419107e-06,
       1.7829690e-06, 1.0888275e-18], dtype=float32), array([6.5872876e-04, 8.6795853e-04, 1.0798188e-03, ..., 2.3522882e-07,
       1.2693641e-07, 5.1898863e-19], dtype=float32), array([-1.18839765e-04, -1.09975488e-04, -7.16468276e-05, ...,
       -5.70851455e-09, -3.25413829e-09, -1.72530476e-19], dtype=float32), array([ 1.5074265e-05,  1.4623903e-05,  1.4048578e-05, ...,
        3.2498070e-07,  1.4870949e-07, -3.8304206e-19], dtype=float32), array([ 6.5155848e-19, -6.9527880e-05, -6.9527880e-05, ...,
       -7.0014278e-19,  6.7498646e-19,  5.0539681e-19], dtype=float32), array([-1.5144704e-03, -7.8583383e-19, -1.5144704e-03, ...,
        9.4654402e-05, -5.2242313e-19, -9.4654402e-05], dtype=float32), array([ 0.0026226 ,  0.00274515,  0.00283408, ..., -0.00451648,
       -0.00468755, -0.00473213], dtype=float32), array([ 6.59751895e-05,  1.20675744e-04,  1.62331635e-04, ...,
        7.01398406e-08,  5.24062074e-08, -3.80585955e-19], dtype=float32), array([-4.9679453e-04, -4.6936868e-04, -6.9016789e-04, ...,
       -3.1774059e-07, -1.6421063e-07,  2.7261849e-19], dtype=float32), array([ 3.2998534e-04,  3.4954527e-04,  3.6416919e-04, ...,
       -1.0587008e-06, -5.7104359e-07, -4.5114224e-19], dtype=float32), array([ 1.6736090e-05, -5.7736743e-06,  9.0419344e-06, ...,
       -2.2465303e-04, -9.3049515e-05, -8.4745239e-05], dtype=float32), array([-3.0578434e-04, -6.7624896e-05, -1.9486704e-04, ...,
        1.6461503e-03,  1.5912337e-03,  1.6085674e-03], dtype=float32), array([ 1.3557301e-05,  9.3059298e-06,  6.6950033e-06, ...,
       -3.6211550e-04, -5.1765871e-04, -2.8104204e-04], dtype=float32), array([ 0.00659513,  0.00653923,  0.00657547, ..., -0.00417113,
       -0.00413489, -0.00426054], dtype=float32), array([-3.1388408e-05, -1.5284069e-05,  1.0455730e-04, ...,
       -1.5519666e-06, -8.1070641e-07, -8.7797325e-20], dtype=float32), array([ 8.3768967e-04, -4.9401337e-04, -1.7328428e-03, ...,
        2.2660531e-06,  1.1358563e-06, -5.1223609e-19], dtype=float32), array([8.4467763e-05, 1.0023704e-04, 1.1639082e-04, ..., 1.9547476e-06,
       9.6647000e-07, 7.3497655e-19], dtype=float32), array([ 8.0706377e-05, -2.8526531e-06, -8.7487817e-05, ...,
       -2.3406014e-06, -1.0932851e-06, -0.0000000e+00], dtype=float32), array([ 0.0009393 ,  0.00031482, -0.0003204 , ..., -0.00035317,
       -0.00037356, -0.00017633], dtype=float32), array([ 0.00745165,  0.00746334,  0.00752401, ..., -0.01464188,
       -0.01467383, -0.01454961], dtype=float32), array([1.0124664e-03, 1.1130192e-03, 1.3051828e-03, ..., 7.1936188e-07,
       6.0661546e-07, 4.1411460e-20], dtype=float32), array([-1.3292137e-03, -1.2013720e-03, -1.2781916e-03, ...,
        2.1573851e-07,  2.1321543e-07,  2.5573943e-19], dtype=float32), array([ 5.4938076e-03,  5.5783237e-03,  5.6595304e-03, ...,
       -7.4041066e-07, -3.9804019e-07, -1.0094151e-18], dtype=float32), array([ 3.2123367e-04,  4.3522462e-04,  5.2095304e-04, ...,
        1.0802269e-06,  4.3585393e-07, -8.1225595e-19], dtype=float32), array([-0.00134838, -0.00127942, -0.00143961, ...,  0.00175908,
        0.00176949,  0.00147136], dtype=float32), array([-0.00453018, -0.00457033, -0.00460415, ...,  0.00076944,
        0.00122988,  0.00125416], dtype=float32), array([0.00300467, 0.00299251, 0.00297248, ..., 0.01107204, 0.0110687 ,
       0.01101768], dtype=float32), array([-1.8208141e-03, -4.2910886e-04,  1.2598749e-03, ...,
        3.4781587e-07, -6.8582677e-09, -2.3082134e-19], dtype=float32), array([-5.0926134e-03, -5.5647851e-03, -6.1783558e-03, ...,
       -2.6767277e-06, -1.3519482e-06,  5.0648641e-19], dtype=float32), array([-1.2141801e-03, -1.4845044e-03, -1.0744215e-03, ...,
        3.7050526e-07,  3.2021495e-07, -4.7283939e-19], dtype=float32), array([ 1.6056899e-04,  7.7476667e-05, -2.2028880e-04, ...,
        1.8922398e-03,  2.1017231e-03,  2.0044988e-03], dtype=float32), array([-0.00330257, -0.00348532, -0.00342071, ..., -0.01375127,
       -0.0137409 , -0.01377451], dtype=float32), array([-2.8238515e-03, -2.2400762e-03, -2.0190703e-03, ...,
       -1.8701691e-06, -9.8763530e-07,  5.3654670e-20], dtype=float32), array([ 4.0416624e-03,  3.9109774e-03,  3.7738055e-03, ...,
       -2.3174930e-07, -1.2227393e-07,  5.4340436e-19], dtype=float32), array([ 9.7035774e-04,  9.1980712e-04,  7.3253491e-04, ...,
       -9.7379733e-08, -6.2819396e-08, -5.3016818e-19], dtype=float32), array([-1.2339255e-05,  1.7478837e-06,  2.5351308e-06, ...,
        2.6599641e-06,  1.1574426e-06,  0.0000000e+00], dtype=float32), array([-0.00156052, -0.00167505, -0.00174983, ..., -0.00125131,
       -0.00151795, -0.00198363], dtype=float32), array([-0.00937891, -0.00925136, -0.00927413, ...,  0.00021803,
        0.00022435,  0.00025964], dtype=float32), array([-1.7933006e-03, -1.3373484e-03, -7.7542197e-04, ...,
        1.8978441e-06,  9.8112048e-07,  4.4642498e-19], dtype=float32), array([4.6078819e-03, 4.5389826e-03, 4.2000306e-03, ..., 6.0945822e-06,
       2.9341395e-06, 5.1030313e-19], dtype=float32), array([ 2.8332295e-03,  2.5830530e-03,  2.2120164e-03, ...,
        1.4211055e-07,  5.3499107e-08, -4.7364372e-20], dtype=float32), array([-0.00011156, -0.00011353, -0.00010277, ..., -0.00140358,
       -0.00228204, -0.00227521], dtype=float32), array([-2.0299565e-05, -1.3830710e-05, -7.2300118e-06, ...,
       -2.0813828e-03, -2.6115957e-03, -2.2488658e-03], dtype=float32), array([-5.143881e-04, -5.315542e-04, -5.788803e-04, ..., -6.043911e-05,
       -7.605553e-05, -9.357929e-05], dtype=float32), array([ 2.0505252e-04,  1.9160927e-04,  2.1810731e-04, ...,
       -1.9672325e-06, -9.7643317e-07,  2.1474043e-19], dtype=float32), array([-9.7486900e-06, -9.5625555e-06, -1.3212650e-05, ...,
       -8.5921096e-07, -4.2821020e-07, -1.6240595e-19], dtype=float32), array([-1.5321258e-03, -1.7454941e-03, -2.1141740e-03, ...,
       -1.5892620e-06, -8.5530854e-07,  1.0057563e-19], dtype=float32), array([ 3.9153741e-04,  4.6792111e-04,  4.8238976e-04, ...,
        6.6384763e-07,  1.6946669e-07, -0.0000000e+00], dtype=float32), array([7.2815255e-06, 6.1031242e-06, 5.7664161e-06, ..., 1.3388532e-03,
       1.2661694e-03, 1.1678350e-03], dtype=float32), array([ 0.00356078,  0.00350809,  0.00348365, ..., -0.02324009,
       -0.0231123 , -0.02388334], dtype=float32), array([2.9272236e-05, 3.1620391e-05, 2.3890483e-05, ..., 1.6855340e-09,
       4.0368653e-10, 3.6312916e-19], dtype=float32), array([ 1.0521339e-04,  8.8093038e-05,  8.7945155e-05, ...,
       -1.5843954e-06, -6.5170747e-07,  2.9244309e-19], dtype=float32), array([ 1.1024460e-03,  1.0490221e-03,  9.9310419e-04, ...,
       -9.9032334e-08, -7.3974817e-08, -4.8922021e-19], dtype=float32), array([-5.0425944e-05, -4.2240532e-05, -3.6144800e-05, ...,
        1.0807405e-06,  5.8394880e-07,  0.0000000e+00], dtype=float32), array([-1.3630295e-05,  2.0418166e-07, -1.6260124e-06, ...,
        4.9802818e-04,  4.0735691e-04,  5.4979743e-04], dtype=float32), array([-0.00181174, -0.00181341, -0.00181139, ..., -0.00191796,
       -0.0019052 , -0.0014354 ], dtype=float32), array([ 1.6388435e-04,  1.8971904e-04,  2.4007629e-04, ...,
       -5.1150261e-07, -5.1071476e-07, -7.4340128e-19], dtype=float32), array([-1.1908561e-03, -1.4420600e-03, -1.5673523e-03, ...,
       -1.0769453e-05, -4.8932880e-06,  2.1427849e-19], dtype=float32), array([-1.4428380e-04, -2.4704068e-04, -3.4421895e-04, ...,
       -1.5878116e-07, -8.0629022e-08, -0.0000000e+00], dtype=float32), array([ 4.4230623e-05,  3.5020483e-05,  2.5007901e-05, ...,
        2.5979571e-07,  3.0259731e-08, -0.0000000e+00], dtype=float32), array([ 1.4988425e-05,  1.6192558e-05,  8.4276253e-06, ...,
       -5.4537179e-04, -7.3103048e-04, -6.6452846e-04], dtype=float32), array([0.00634456, 0.00625551, 0.0062983 , ..., 0.00403249, 0.0041337 ,
       0.00400877], dtype=float32), array([ 1.1520883e-03,  7.6007395e-04,  6.2634348e-04, ...,
        1.9054453e-06,  8.3409856e-07, -2.9924443e-19], dtype=float32), array([-3.6709735e-04, -7.0507434e-05,  2.2285605e-04, ...,
        3.1441465e-09, -3.2474335e-07, -2.9045765e-19], dtype=float32), array([ 8.3753606e-04, -1.5235285e-04, -5.7309947e-04, ...,
       -1.9913554e-07, -1.3067321e-07,  2.0504996e-19], dtype=float32), array([-2.41476373e-04, -3.22684500e-04,  1.16476505e-04, ...,
        2.46504612e-07,  6.62761934e-08, -2.79023479e-19], dtype=float32), array([-0.00101679,  0.00083432,  0.00289346, ..., -0.00013362,
       -0.00016496, -0.00026897], dtype=float32), array([-0.0002811 , -0.00023353, -0.00022888, ...,  0.00679517,
        0.00685883,  0.00686324], dtype=float32), array([-8.9648989e-04, -7.2680332e-04, -5.8168644e-04, ...,
       -2.9373050e-06, -1.4749259e-06, -1.1445791e-18], dtype=float32), array([ 2.3047740e-03,  2.2749442e-03,  2.2537240e-03, ...,
        3.6796837e-06,  1.8353508e-06, -3.9378796e-19], dtype=float32), array([-2.1637863e-04, -2.2168549e-04, -2.1834589e-04, ...,
       -1.3441442e-08, -4.6566182e-08,  3.2056612e-19], dtype=float32), array([ 1.2446735e-05,  1.8465582e-05,  2.4701052e-05, ...,
       -3.7259608e-07, -1.7838246e-07, -5.1267595e-19], dtype=float32), array([0.00049862, 0.0004737 , 0.00044536, ..., 0.00137294, 0.0013515 ,
       0.00158047], dtype=float32), array([ 0.01878059,  0.01869893,  0.01898658, ..., -0.00341105,
       -0.00339615, -0.00334799], dtype=float32), array([-1.2200678e-03, -9.7316375e-04, -8.1864663e-04, ...,
        6.9867372e-07,  3.9724387e-07,  3.3937639e-19], dtype=float32), array([ 1.2387815e-02,  1.4222285e-02,  1.5795289e-02, ...,
       -2.1470325e-07, -1.0769477e-07,  5.4249715e-19], dtype=float32), array([-7.4793870e-04, -7.6753233e-04, -7.8590115e-04, ...,
       -1.4719485e-07, -8.9481745e-08,  4.4660254e-20], dtype=float32), array([-5.4065092e-04, -5.6321785e-04, -3.8579662e-04, ...,
       -4.6795412e-09, -1.3354813e-08,  3.6344509e-19], dtype=float32), array([ 7.9097836e-06, -5.3970721e-06,  8.9713421e-06, ...,
        4.9070088e-04,  4.3746771e-04,  8.4627414e-04], dtype=float32), array([-9.4890594e-05, -1.6736984e-04, -6.4015388e-05, ...,
       -3.1352043e-05, -5.2332878e-05,  1.7273426e-04], dtype=float32), array([ 1.7305995e-04,  2.2676507e-04,  2.6790259e-04, ...,
        1.1519904e-05,  5.3922267e-06, -2.9525095e-19], dtype=float32), array([2.3055212e-03, 2.2991670e-03, 2.5614430e-03, ..., 7.9376838e-07,
       5.5912136e-07, 1.7714012e-19], dtype=float32), array([ 2.6880596e-03,  3.1577444e-03,  3.3926952e-03, ...,
       -4.7036301e-06, -2.4311262e-06,  1.1774232e-18], dtype=float32), array([-9.6458470e-04, -9.1583381e-04, -7.3628681e-04, ...,
        2.0998191e-07,  1.8361321e-07,  5.9996966e-19], dtype=float32), array([1.1715840e-05, 7.1235872e-06, 2.4867590e-05, ..., 1.7444156e-03,
       1.4200467e-03, 1.3535117e-03], dtype=float32), array([ 0.00120568,  0.00123096,  0.00122297, ..., -0.00157249,
       -0.00149298, -0.00147212], dtype=float32), array([-1.6003343e-03, -1.7887175e-03, -1.4129104e-03, ...,
       -1.8526368e-06, -1.6035566e-06, -6.8276987e-19], dtype=float32), array([6.2435266e-04, 2.2455832e-04, 2.9962265e-04, ..., 9.6306339e-06,
       4.9062764e-06, 3.3471683e-19], dtype=float32), array([6.7384192e-04, 3.6739319e-04, 1.2669220e-04, ..., 2.7649887e-07,
       5.4622018e-07, 0.0000000e+00], dtype=float32), array([-1.9606946e-04, -2.8496445e-04, -3.8107286e-05, ...,
       -9.4693297e-07, -4.8737621e-07, -6.0885952e-19], dtype=float32), array([9.8050878e-05, 2.3150572e-04, 2.8619225e-04, ..., 1.5184167e-04,
       1.4506897e-04, 1.7931429e-04], dtype=float32), array([ 0.00952208,  0.00960529,  0.00970936, ..., -0.01145887,
       -0.01138854, -0.01139987], dtype=float32), array([ 7.0261289e-05,  7.3701733e-05,  8.2468177e-05, ...,
       -4.3951638e-07, -2.6035642e-07,  2.2004674e-19], dtype=float32), array([ 2.2782616e-02,  8.6742148e-02,  6.7196131e-02, ...,
       -1.2265241e-06, -5.8809252e-07, -6.2380863e-20], dtype=float32), array([-3.9961434e-04, -6.0364360e-05, -3.3774652e-04, ...,
        6.2828540e-04,  1.5261865e-03,  1.6981845e-03], dtype=float32), array([4.3941538e-05, 3.4494897e-05, 2.6326241e-05, ..., 3.2670397e-07,
       9.3046289e-08, 0.0000000e+00], dtype=float32), array([-4.6157004e-07,  4.9614306e-07,  2.1435268e-07, ...,
        4.4023394e-04,  2.8670070e-04,  5.0597056e-04], dtype=float32), array([ 0.000332  ,  0.00033081,  0.00026274, ..., -0.01878738,
       -0.0197171 , -0.02049422], dtype=float32), array([-1.9835582e-04, -2.6758181e-04, -4.2277170e-04, ...,
       -4.3167881e-07, -4.6103784e-07, -2.0100428e-19], dtype=float32), array([-5.7462329e-04, -5.0795486e-04, -3.1996670e-04, ...,
        3.2490989e-06,  1.5853753e-06,  2.5069955e-19], dtype=float32), array([ 0.00073822,  0.00017874, -0.00016656, ...,  0.00035692,
        0.00045674,  0.00058597], dtype=float32), array([-9.2305971e-04, -9.1838115e-04, -1.5926410e-03, ...,
       -5.4305957e-07, -1.8941510e-07, -0.0000000e+00], dtype=float32), array([-0.00111832, -0.00106905, -0.00100454, ...,  0.00128064,
        0.00133551,  0.00130595], dtype=float32), array([ 0.01177788,  0.01177037,  0.01165748, ..., -0.00133669,
       -0.00138378, -0.00153351], dtype=float32), array([-1.5931710e-04, -1.3431172e-04,  1.5616082e-04, ...,
        2.3734892e-06,  7.6413227e-07,  4.3310616e-19], dtype=float32), array([-1.3665368e-03, -9.7149552e-04, -5.5555481e-04, ...,
        8.9987032e-07,  1.0580044e-08,  6.8579296e-20], dtype=float32), array([-3.7316488e-05, -4.0848023e-05, -4.9187216e-05, ...,
       -1.2509890e-03, -1.2009759e-03, -1.2393063e-03], dtype=float32), array([ 7.4122609e-06,  9.9328128e-05,  1.4959247e-04, ...,
       -2.8198465e-06, -1.5335850e-06, -0.0000000e+00], dtype=float32), array([ 3.3011340e-05, -4.3030755e-05,  1.4726151e-05, ...,
       -2.9136569e-03, -2.7612841e-03, -2.5768608e-03], dtype=float32), array([-0.00036108,  0.00014937, -0.00022948, ..., -0.00629437,
       -0.00636935, -0.00629032], dtype=float32), array([-2.3802968e-03, -2.6265159e-03, -1.7610716e-03, ...,
        6.2219982e-08, -5.4584291e-07,  9.4048099e-19], dtype=float32), array([3.8766142e-04, 4.6405068e-04, 7.7638985e-04, ..., 5.1546488e-07,
       2.6524330e-07, 4.7161082e-20], dtype=float32), array([-1.5494385e-05, -1.0091704e-05, -2.5710090e-06, ...,
       -9.6512531e-07, -4.4633933e-07, -1.4029397e-20], dtype=float32), array([-8.8336084e-05, -2.2551862e-05,  9.4708579e-05, ...,
       -1.5043608e-07, -6.6696920e-08, -0.0000000e+00], dtype=float32), array([ 6.2932522e-06,  6.0829889e-06,  6.3208522e-06, ...,
       -7.7107956e-04, -7.2052039e-04, -7.3112571e-04], dtype=float32), array([0.00465226, 0.00461185, 0.00473177, ..., 0.00504398, 0.00510144,
       0.00510454], dtype=float32), array([7.2429690e-04, 3.2084165e-04, 1.1915570e-04, ..., 8.2769128e-07,
       3.1068865e-07, 5.1445309e-20], dtype=float32), array([ 9.1245556e-03,  9.3173310e-03,  9.3957670e-03, ...,
       -8.8915449e-06, -4.4051462e-06,  2.1993280e-19], dtype=float32), array([ 0.0028168 ,  0.00107179, -0.00076973, ...,  0.00250291,
        0.00241223,  0.00237939], dtype=float32), array([-3.8583101e-05, -3.1649957e-05, -3.6712696e-05, ...,
       -9.4022470e-09, -3.1968150e-09,  0.0000000e+00], dtype=float32), array([-2.1306105e-05, -1.6003820e-05, -1.5002383e-05, ...,
       -6.0538639e-04, -7.7729393e-04, -8.1924256e-04], dtype=float32), array([ 0.00100029,  0.00091636,  0.0009414 , ..., -0.00204468,
       -0.00212955, -0.00212789], dtype=float32)]","['anger', 'anger', 'anger', 'anger', 'anger', 'anger', 'anger', 'anger', 'anger', 'anger', 'anger', 'anger', 'anger', 'anger', 'anger', 'anger', 'anger', 'anger', 'anger', 'anger', 'anger', 'anger', 'anger', 'anger', 'anger', 'anger', 'anger', 'anger', 'anger', 'anger', 'anger', 'anger', 'anger', 'anger', 'anger', 'anger', 'anger', 'anger', 'anger', 'anger', 'anger', 'anger', 'anger', 'anger', 'anger', 'anger', 'anger', 'anger', 'anger', 'anger', 'anger', 'anger', 'anger', 'anger', 'anger', 'anger', 'anger', 'anger', 'anger', 'anger', 'anger', 'anger', 'anger', 'anger', 'anger', 'anger', 'anger', 'anger', 'anger', 'anger', 'anger', 'anger', 'anger', 'anger', 'anger', 'anger', 'anger', 'anger', 'anger', 'anger', 'anger', 'anger', 'anger', 'anger', 'anger', 'anger', 'anger', 'anger', 'anger', 'anger', 'anger', 'anger', 'anger', 'anger', 'anger', 'anger', 'anger', 'anger', 'anger', 'anger', 'anger', 'anger', 'anger', 'anger', 'anger', 'anger', 'anger', 'anger', 'anger', 'anger', 'anger', 'anger', 'anger', 'anger', 'anger', 'anger', 'anger', 'anger', 'anger', 'anger', 'anger', 'disgust', 'disgust', 'disgust', 'disgust', 'disgust', 'disgust', 'disgust', 'disgust', 'disgust', 'disgust', 'disgust', 'disgust', 'disgust', 'disgust', 'disgust', 'disgust', 'disgust', 'disgust', 'disgust', 'disgust', 'disgust', 'disgust', 'disgust', 'disgust', 'disgust', 'disgust', 'disgust', 'disgust', 'disgust', 'disgust', 'disgust', 'disgust', 'disgust', 'disgust', 'disgust', 'disgust', 'disgust', 'disgust', 'disgust', 'disgust', 'disgust', 'disgust', 'disgust', 'disgust', 'disgust', 'disgust', 'disgust', 'disgust', 'disgust', 'disgust', 'disgust', 'disgust', 'disgust', 'disgust', 'disgust', 'disgust', 'disgust', 'disgust', 'disgust', 'disgust', 'disgust', 'disgust', 'disgust', 'disgust', 'disgust', 'disgust', 'disgust', 'disgust', 'disgust', 'disgust', 'disgust', 'disgust', 'disgust', 'disgust', 'disgust', 'disgust', 'disgust', 'disgust', 'disgust', 'disgust', 'disgust', 'disgust', 'disgust', 'disgust', 'disgust', 'disgust', 'disgust', 'disgust', 'disgust', 'disgust', 'disgust', 'disgust', 'disgust', 'disgust', 'disgust', 'disgust', 'disgust', 'disgust', 'disgust', 'disgust', 'disgust', 'disgust', 'disgust', 'disgust', 'disgust', 'disgust', 'disgust', 'disgust', 'disgust', 'disgust', 'disgust', 'disgust', 'disgust', 'disgust', 'disgust', 'disgust', 'disgust', 'disgust', 'disgust', 'disgust', 'disgust', 'disgust', 'fear', 'fear', 'fear', 'fear', 'fear', 'fear', 'fear', 'fear', 'fear', 'fear', 'fear', 'fear', 'fear', 'fear', 'fear', 'fear', 'fear', 'fear', 'fear', 'fear', 'fear', 'fear', 'fear', 'fear', 'fear', 'fear', 'fear', 'fear', 'fear', 'fear', 'fear', 'fear', 'fear', 'fear', 'fear', 'fear', 'fear', 'fear', 'fear', 'fear', 'fear', 'fear', 'fear', 'fear', 'fear', 'fear', 'fear', 'fear', 'fear', 'fear', 'fear', 'fear', 'fear', 'fear', 'fear', 'fear', 'fear', 'fear', 'fear', 'fear', 'fear', 'fear', 'fear', 'fear', 'fear', 'fear', 'fear', 'fear', 'fear', 'fear', 'fear', 'fear', 'fear', 'fear', 'fear', 'fear', 'fear', 'fear', 'fear', 'fear', 'fear', 'fear', 'fear', 'fear', 'fear', 'fear', 'fear', 'fear', 'fear', 'fear', 'fear', 'fear', 'fear', 'fear', 'fear', 'fear', 'fear', 'fear', 'fear', 'fear', 'fear', 'fear', 'fear', 'fear', 'fear', 'fear', 'fear', 'fear', 'fear', 'fear', 'fear', 'fear', 'fear', 'fear', 'fear', 'fear', 'fear', 'fear', 'fear', 'fear', 'happiness', 'happiness', 'happiness', 'happiness', 'happiness', 'happiness', 'happiness', 'happiness', 'happiness', 'happiness', 'happiness', 'happiness', 'happiness', 'happiness', 'happiness', 'happiness', 'happiness', 'happiness', 'happiness', 'happiness', 'happiness', 'happiness', 'happiness', 'happiness', 'happiness', 'happiness', 'happiness', 'happiness', 'happiness', 'happiness', 'happiness', 'happiness', 'happiness', 'happiness', 'happiness', 'happiness', 'happiness', 'happiness', 'happiness', 'happiness', 'happiness', 'happiness', 'happiness', 'happiness', 'happiness', 'happiness', 'happiness', 'happiness', 'happiness', 'happiness', 'happiness', 'happiness', 'happiness', 'happiness', 'happiness', 'happiness', 'happiness', 'happiness', 'happiness', 'happiness', 'happiness', 'happiness', 'happiness', 'happiness', 'happiness', 'happiness', 'happiness', 'happiness', 'happiness', 'happiness', 'happiness', 'happiness', 'happiness', 'happiness', 'happiness', 'happiness', 'happiness', 'happiness', 'happiness', 'happiness', 'happiness', 'happiness', 'happiness', 'happiness', 'happiness', 'happiness', 'happiness', 'happiness', 'happiness', 'happiness', 'happiness', 'happiness', 'happiness', 'happiness', 'happiness', 'happiness', 'happiness', 'happiness', 'happiness', 'happiness', 'happiness', 'happiness', 'happiness', 'happiness', 'happiness', 'happiness', 'happiness', 'happiness', 'happiness', 'happiness', 'happiness', 'happiness', 'happiness', 'happiness', 'happiness', 'happiness', 'happiness', 'happiness', 'happiness', 'sadness', 'sadness', 'sadness', 'sadness', 'sadness', 'sadness', 'sadness', 'sadness', 'sadness', 'sadness', 'sadness', 'sadness', 'sadness', 'sadness', 'sadness', 'sadness', 'sadness', 'sadness', 'sadness', 'sadness', 'sadness', 'sadness', 'sadness', 'sadness', 'sadness', 'sadness', 'sadness', 'sadness', 'sadness', 'sadness', 'sadness', 'sadness', 'sadness', 'sadness', 'sadness', 'sadness', 'sadness', 'sadness', 'sadness', 'sadness', 'sadness', 'sadness', 'sadness', 'sadness', 'sadness', 'sadness', 'sadness', 'sadness', 'sadness', 'sadness', 'sadness', 'sadness', 'sadness', 'sadness', 'sadness', 'sadness', 'sadness', 'sadness', 'sadness', 'sadness', 'sadness', 'sadness', 'sadness', 'sadness', 'sadness', 'sadness', 'sadness', 'sadness', 'sadness', 'sadness', 'sadness', 'sadness', 'sadness', 'sadness', 'sadness', 'sadness', 'sadness', 'sadness', 'sadness', 'sadness', 'sadness', 'sadness', 'sadness', 'sadness', 'sadness', 'sadness', 'sadness', 'sadness', 'sadness', 'sadness', 'sadness', 'sadness', 'sadness', 'sadness', 'sadness', 'sadness', 'sadness', 'sadness', 'sadness', 'sadness', 'sadness', 'sadness', 'sadness', 'sadness', 'sadness', 'sadness', 'sadness', 'sadness', 'sadness', 'sadness', 'sadness', 'sadness', 'sadness', 'sadness', 'sadness', 'sadness', 'sadness', 'sadness', 'sadness', 'sadness', 'sadness', 'sadness']"
